source_job_id,apify_runs,title,organization,org_industry,org_headcount,date_posted,date_created,source_ats,ai_experience_level,locations_derived,url,scored,fit_score,machine_verdict,hard_fail_reason,dedup_key
2370376214,OQqri0wrnB1gqoFmy,Account Director - Enterprise,NAVEX,Software Development,1470,2026-09-18,2026-09-18,dayforce,10+,"London, England, United Kingdom",https://jobs.dayforcehcm.com/en-US/navex/121384/jobs/6549,yes,75,Strong,None,navex|account director - enterprise
2370376200,OQqri0wrnB1gqoFmy,Senior Account Executive - Mid Market,NAVEX,Software Development,1470,2026-09-18,2026-09-18,dayforce,5-10,"London, England, United Kingdom",https://jobs.dayforcehcm.com/en-US/navex/121384/jobs/6542,yes,61,Partial,None,navex|senior account executive - mid market
2370157485,OQqri0wrnB1gqoFmy,Senior Account Executive - Mid Market,NAVEX,Software Development,1470,2026-09-18,2026-09-18,dayforce,5-10,"London, England, United Kingdom",https://jobs.dayforcehcm.com/en-US/navex/CANDIDATEPORTAL/jobs/6538,yes,61,Partial,None,navex|senior account executive - mid market
2370157481,OQqri0wrnB1gqoFmy,Account Director - Enterprise,NAVEX,Software Development,1470,2026-09-18,2026-09-18,dayforce,10+,"London, England, United Kingdom",https://jobs.dayforcehcm.com/en-US/navex/CANDIDATEPORTAL/jobs/6545,yes,75,Strong,None,navex|account director - enterprise
2370355110,OQqri0wrnB1gqoFmy,Senior Account Executive - Tech/Consulting - Europe,Kpler,"Technology, Information and Media",906,2026-09-18,2026-09-18,lever.co,5-10,"London, England, United Kingdom",https://jobs.lever.co/kpler/7d2b0b9f-9dae-4eee-aff8-f7493fee8e26,yes,58,Partial,None,kpler|senior account executive - tech/consulting - europe
2370097407,OQqri0wrnB1gqoFmy,Inside Enterprise Account Executive UK,Dandy,Medical and Diagnostic Laboratories,2054,2026-09-18,2026-09-18,ashby,5-10,"London, England, United Kingdom",https://jobs.ashbyhq.com/dandy/97e7836f-d005-468e-bc2e-358128cbdc75,yes,44,Noise,None,dandy|inside enterprise account executive uk
2370063810,OQqri0wrnB1gqoFmy,Senior Account Executive,Brown & Brown Insurance,Insurance Agencies and Brokerages,6,2026-09-18,2026-09-18,workday,5-10,"Leicester, England, United Kingdom",https://bbinsurance.wd1.myworkdayjobs.com/Careers/job/Leicester-England-United-Kingdom/Senior-Account-Executive_R26_0000003039,yes,0,Noise,Insurance broker,brown and brown insurance|senior account executive
2370061011,OQqri0wrnB1gqoFmy,Senior Account Executive,Brown & Brown Insurance,Insurance Agencies and Brokerages,6,2026-09-18,2026-09-18,workday,5-10,"Leicester, England, United Kingdom",https://bbinsurance.wd1.myworkdayjobs.com/Careers_Europe/job/Leicester-England-United-Kingdom/Senior-Account-Executive_R26_0000003039-2,yes,0,Noise,Insurance broker,brown and brown insurance|senior account executive
2369527147,OQqri0wrnB1gqoFmy,AI Analytics Account Executive,Jobgether,Internet Marketplace Platforms,547,2026-09-18,2026-09-18,lever.co,5-10,United Kingdom,https://jobs.lever.co/jobgether/1cf65bc8-fd16-4e26-9d87-26d389c87410,yes,0,Noise,Staffing poster,jobgether|ai analytics account executive
2371345520,uOioaGBo3ulYMUng2,Enterprise Account Executive,Planview Incorporated,Software Development,1781,2026-09-18,2026-09-18,icims,5-10,United Kingdom,https://careers.planview.com/careers-home/jobs/5048,yes,73,Strong,None,planview incorporated|enterprise account executive
2372217616,uOioaGBo3ulYMUng2,Enterprise Account Director,NAVEX,Software Development,1470,2026-09-18,2026-09-19,dayforce,10+,"London, England, United Kingdom",https://jobs.dayforcehcm.com/en-US/navex/121384/jobs/6553,yes,75,Strong,None,navex|enterprise account director
2372132255,uOioaGBo3ulYMUng2,Senior Account Executive,Workiva Inc.,Software Development,3343,2026-09-18,2026-09-19,workday,5-10,"London, England, United Kingdom",https://workiva.wd503.myworkdayjobs.com/careers/job/London/Senior-Account-Executive_R12508,yes,66,Partial,None,workiva|senior account executive
2371358879,uOioaGBo3ulYMUng2,Enterprise Account Executive - Legal,Intapp,Software Development,1372,2026-09-18,2026-09-18,workday,10+,"London, England, United Kingdom",https://intapp.wd1.myworkdayjobs.com/Intapp/job/London-UK/Enterprise-Account-Executive---Legal_R2025353-1,yes,66,Partial,None,intapp|enterprise account executive - legal
2371358876,uOioaGBo3ulYMUng2,Enterprise Account Executive,Intapp,Software Development,1372,2026-09-18,2026-09-18,workday,10+,"London, England, United Kingdom",https://intapp.wd1.myworkdayjobs.com/Intapp/job/London-UK/Enterprise-Account-Executive_R2025345-1,yes,66,Partial,None,intapp|enterprise account executive
2367828270,mbxBWQqaJiWjbFFfC|EHR7huYa7StCS0dKE,UK Enterprise Account Executive,Rosterfy,Software Development,70,2026-09-17,2026-09-17,hibob,5-10,"London, England, United Kingdom",https://rosterfy.careers.hibob.com/jobs/12d4a510-918c-4622-b976-afff4cf2b353,yes,0,Noise,FTC/contract,rosterfy|uk enterprise account executive
2368311923,EHR7huYa7StCS0dKE,Enterprise Account Executive,Powtoon,"Technology, Information and Internet",146,2026-09-17,2026-09-17,workable,5-10,"London, England, United Kingdom",https://jobs.workable.com/view/pcxTWDApiHLVMntFzkBVvs/hybrid-enterprise-account-executive-in-london-at-powtoon,yes,64,Partial,None,powtoon|enterprise account executive
2368228120,EHR7huYa7StCS0dKE,Account Director for SaaS Solution | REMOTE (UK),Gatekeeper,Software Development,115,2026-09-17,2026-09-17,workable,10+,United Kingdom,https://jobs.workable.com/view/j9EJX1qtJZGBfTf5iJRwCe/account-director-for-saas-solution-%7C-remote-(uk)-in-united-kingdom-at-gatekeeper,yes,49,Noise,None,gatekeeper|account director for saas solution | remote (uk)
2368078504,EHR7huYa7StCS0dKE,"Account Executive, Retail (Grower)",Stripe,"Technology, Information and Internet",16602,2026-09-17,2026-09-17,greenhouse,5-10,"London, England, United Kingdom",https://stripe.com/jobs/search?gh_jid=8207708,yes,69,Partial,None,"stripe|account executive, retail (grower)"
2368010078,EHR7huYa7StCS0dKE,Account Executive - Nordics,MicroStrategy,"Technology, Information and Internet",181,2026-09-17,2026-09-17,smartrecruiters,5-10,"London, England, United Kingdom",https://jobs.smartrecruiters.com/MicroStrategy1/744000150048480-account-executive-nordics-,yes,75,Strong,None,microstrategy|account executive - nordics
2368037081,EHR7huYa7StCS0dKE,"Senior Named Account Executive, Israel",Cloudflare,Computer and Network Security,7578,2026-09-17,2026-09-17,greenhouse,10+,"London, England, United Kingdom",https://boards.greenhouse.io/cloudflare/jobs/7462504?gh_jid=7462504,yes,73,Strong,None,"cloudflare|senior named account executive, israel"
2368096039,EHR7huYa7StCS0dKE,Enterprise Account Executive – Data & Integration (MuleSoft & Informatica),Salesforce,Software Development,89625,2026-09-17,2026-09-17,workday,10+,"London, England, United Kingdom",https://salesforce.wd12.myworkdayjobs.com/External_Career_Site/job/United-Kingdom---London/Enterprise-Account-Executive---Data---Integration--MuleSoft---Informatica-_JR360367,yes,83,Strong,None,salesforce|enterprise account executive – data & integration (mulesoft & informatica)
2368753646,OQqri0wrnB1gqoFmy,"Enterprise Account Executive, Growth | Remote | UK",Grafana Labs,Software Development,1916,2026-09-17,2026-09-17,greenhouse,5-10,United Kingdom,https://job-boards.greenhouse.io/grafanalabs/jobs/6163373004,yes,57,Partial,None,"grafana labs|enterprise account executive, growth | remote | uk"
2368740441,OQqri0wrnB1gqoFmy,Strategic Account Executive (Middle East)  ,Ping Identity,Software Development,2373,2026-09-17,2026-09-17,greenhouse,5-10,"Bristol, England, United Kingdom",https://job-boards.greenhouse.io/pingidentity/jobs/8802878002,yes,72,Strong,None,ping identity|strategic account executive (middle east)
2368740307,OQqri0wrnB1gqoFmy,Strategic Account Executive (Eastern/Central Europe),Ping Identity,Software Development,2373,2026-09-17,2026-09-17,greenhouse,10+,United Kingdom,https://job-boards.greenhouse.io/pingidentity/jobs/8802903002,yes,0,Noise,Wrong location/US leak,ping identity|strategic account executive (eastern/central europe)
2368769754,OQqri0wrnB1gqoFmy,"Senior Account Executive, Enterprise",Similarweb,Software Development,1260,2026-09-17,2026-09-17,greenhouse,5-10,"London, England, United Kingdom",https://job-boards.greenhouse.io/similarweb/jobs/8211293,yes,68,Partial,None,"similarweb|senior account executive, enterprise"
2368769897,OQqri0wrnB1gqoFmy,"Senior Account Executive, Enterprise (EMEA - European Languages Required)",Similarweb,Software Development,1260,2026-09-17,2026-09-17,greenhouse,5-10,"London, England, United Kingdom",https://job-boards.greenhouse.io/similarweb/jobs/8211302,yes,68,Partial,None,"similarweb|senior account executive, enterprise (emea - european languages required)"
2368664691,OQqri0wrnB1gqoFmy,"Enterprise Account Executive, TMT",AlphaSense,Software Development,3406,2026-09-17,2026-09-17,greenhouse,5-10,"London, England, United Kingdom",https://job-boards.greenhouse.io/alphasense/jobs/8816458002,yes,72,Strong,None,"alphasense|enterprise account executive, tmt"
2368490784,OQqri0wrnB1gqoFmy,Strategic Account Manager,Freshworks,Software Development,7812,2026-09-17,2026-09-17,smartrecruiters,10+,"London, England, United Kingdom",https://jobs.smartrecruiters.com/Freshworks/744000150132609-strategic-account-manager,yes,73,Strong,None,freshworks|strategic account manager
2368488914,OQqri0wrnB1gqoFmy,"Account Director, Technology & Automotive",CDS Global,Business Consulting and Services,1367,2026-09-17,2026-09-17,oraclecloud,5-10,"London, England, United Kingdom",https://eevd.fa.us6.oraclecloud.com/hcmUI/CandidateExperience/en/sites/CDS-Global/job/2027506,yes,0,Noise,Management track,"cds global|account director, technology & automotive"
2369061034,OQqri0wrnB1gqoFmy,"Staff Sales Engineer, Strategic Accounts (EMEA)",Docker,Software Development,1083,2026-09-17,2026-09-17,ashby,5-10,United Kingdom,https://jobs.ashbyhq.com/docker/bc36f696-8ba4-46aa-866c-196b85da4e7e,yes,54,Noise,None,"docker|staff sales engineer, strategic accounts (emea)"
2368752249,OQqri0wrnB1gqoFmy,"Account Executive, EMEA Market Development (Founding Hire)",Morning Consult,Data Infrastructure and Analytics,322,2026-09-17,2026-09-17,ashby,5-10,"London, England, United Kingdom",https://jobs.ashbyhq.com/morningconsult/0f76ee51-a915-41c2-8c6f-1095b8919227,yes,72,Strong,None,"morning consult|account executive, emea market development (founding hire)"
2368468037,OQqri0wrnB1gqoFmy,"Sr. Strategic Account Manager, EU Fashion",Amazon,Software Development,763676,2026-09-17,2026-09-17,in-house,5-10,"London, England, United Kingdom",https://www.amazon.jobs/en/jobs/10551953,yes,59,Partial,None,"amazon|sr. strategic account manager, eu fashion"
2371905814,uOioaGBo3ulYMUng2,Account Executive - Greenfield - London UK,CoreWeave Europe,"Technology, Information and Internet",2811,2026-09-17,2026-09-19,greenhouse,5-10,"London, England, United Kingdom",https://coreweave.com/careers/job?4712550006&board=coreweaveu&gh_jid=4712550006,yes,74,Strong,None,coreweave europe|account executive - greenfield - london uk
2366927616,mbxBWQqaJiWjbFFfC|EHR7huYa7StCS0dKE,Account Executive,WTW,Financial Services,55073,2026-09-16,2026-09-16,oraclecloud,5-10,"City of London, England, United Kingdom",https://eedu.fa.em3.oraclecloud.com/hcmUI/CandidateExperience/en/sites/CX/job/202604489,yes,0,Noise,Insurance broker,wtw|account executive
2366702951,mbxBWQqaJiWjbFFfC|EHR7huYa7StCS0dKE,Account Director ,Indicium AI,Information Technology & Services,635,2026-09-16,2026-09-16,greenhouse,10+,"London, England, United Kingdom",https://job-boards.eu.greenhouse.io/indiciumai/jobs/4978959101,yes,65,Partial,None,indicium ai|account director
2366560585,mbxBWQqaJiWjbFFfC|EHR7huYa7StCS0dKE,Senior Account Executive ,Typeform,Software Development,909,2026-09-16,2026-09-16,greenhouse,5-10,United Kingdom,https://job-boards.greenhouse.io/typeform/jobs/8208256,yes,56,Partial,None,typeform|senior account executive
2366537832,mbxBWQqaJiWjbFFfC,FTC Account Director – Experiences,The MISSION Group,Advertising Services,105,2026-09-16,2026-09-16,teamtailor,5-10,"Greater London, England, United Kingdom",https://themissiongroup.teamtailor.com/jobs/8390891-ftc-account-director-experiences,no,,,,
2366400425,mbxBWQqaJiWjbFFfC,Principal Strategic Account Executive,NextRoll Inc.,Marketing Services,444,2026-09-16,2026-09-16,greenhouse,10+,"London, England, United Kingdom",https://job-boards.greenhouse.io/nextrollinc/jobs/8813558002,no,,,,
2366268005,mbxBWQqaJiWjbFFfC,Channel Sales Account Executive - Payment Solutions,ADP,Human Resources Services,103397,2026-09-16,2026-09-16,adp,5-10,"London, England, United Kingdom; Sheffield, England, United Kingdom; Innerleithen, Scotland, United Kingdom; Salisbury, Maryland, United States; New York, New York, United States; Maine, United States; Maryland, United States; Massachusetts, United States; New Jersey, United States; Pennsylvania, United States",https://myjobs.adp.com/apply/cx/job-details?reqId=5001224969400,no,,,,
2367455956,mbxBWQqaJiWjbFFfC|EHR7huYa7StCS0dKE,"Senior Account Executive, Performance Solutions, Retail - Microsoft Advertising",Microsoft,Software Development,232032,2026-09-16,2026-09-17,eightfold,5-10,"London, England, United Kingdom",https://apply.careers.microsoft.com/careers/job/1970393556998569-senior-account-executive-performance-solutions-retail-microsoft-advertising-united-kingdom-london-london,yes,64,Partial,None,"microsoft|senior account executive, performance solutions, retail - microsoft advertising"
2366185301,mbxBWQqaJiWjbFFfC|EHR7huYa7StCS0dKE,"Major Account Manager, Public Sector",Check Point Software Technologies,Computer and Network Security,8627,2026-09-16,2026-09-16,smartrecruiters,5-10,"Manchester, England, United Kingdom",https://jobs.smartrecruiters.com/CheckPointSoftwareTechnologies2/744000149862379-major-account-manager-public-sector,yes,55,Partial,None,"check point software technologies|major account manager, public sector"
2366165407,mbxBWQqaJiWjbFFfC|EHR7huYa7StCS0dKE,"Major Account Manager, Public Sector",Check Point Software Technologies,Computer and Network Security,8627,2026-09-16,2026-09-16,smartrecruiters,5-10,"London, England, United Kingdom",https://jobs.smartrecruiters.com/CheckPointSoftwareTechnologies2/744000149858499-major-account-manager-public-sector,yes,59,Partial,None,"check point software technologies|major account manager, public sector"
2366248908,mbxBWQqaJiWjbFFfC,Account Director (3 month FTC),T&P,Advertising Services,900,2026-09-16,2026-09-16,teamtailor,10+,"London, England, United Kingdom",https://careers.tandpgroup.com/jobs/8389205-account-director-3-month-ftc,no,,,,
2366138508,mbxBWQqaJiWjbFFfC|EHR7huYa7StCS0dKE,Paid Search Account Director,Publicis Groupe Holdings B.V,Information Services,1,2026-09-16,2026-09-16,icims,5-10,"Greater London, England, United Kingdom",https://employees-publicisgroupe.icims.com/jobs/171003/paid-search-account-director/job,yes,0,Noise,Agency/PR,publicis groupe holdings b v|paid search account director
2366041299,mbxBWQqaJiWjbFFfC|EHR7huYa7StCS0dKE,OOH Account Director,Publicis Groupe Holdings B.V,Information Services,1,2026-09-16,2026-09-16,icims,5-10,"Greater London, England, United Kingdom",https://employees-publicisgroupe.icims.com/jobs/173274/ooh-account-director/job,yes,0,Noise,Agency/PR,publicis groupe holdings b v|ooh account director
2365976901,mbxBWQqaJiWjbFFfC|EHR7huYa7StCS0dKE,"Account Executive, UK Velocity Hunter",Stripe,"Technology, Information and Internet",16658,2026-09-16,2026-09-16,greenhouse,5-10,"Dublin, Leinster, Ireland; London, England, United Kingdom",https://stripe.com/jobs/search?gh_jid=8130729,yes,66,Partial,None,"stripe|account executive, uk velocity hunter"
2365880212,mbxBWQqaJiWjbFFfC,National Account Director,Reynolds Food Group,Food & Beverages,306,2026-09-16,2026-09-16,teamtailor,10+,"Broxbourne, England, United Kingdom",https://careers.reynoldsfood.co.uk/jobs/8386617-national-account-director,no,,,,
2365840950,mbxBWQqaJiWjbFFfC|EHR7huYa7StCS0dKE,Enterprise Account Executive,Ripjar,Software Development,102,2026-09-16,2026-09-16,workable,5-10,"London, England, United Kingdom",https://jobs.workable.com/view/3RuordGvxuqd787QaM7a1Z/hybrid-enterprise-account-executive-in-london-at-ripjar,yes,74,Strong,None,ripjar|enterprise account executive
2366964555,mbxBWQqaJiWjbFFfC|EHR7huYa7StCS0dKE,GTM Manager - Strategic Accounts,Legora,Software Development,856,2026-09-16,2026-09-16,ashby,5-10,"London, England, United Kingdom",https://jobs.ashbyhq.com/legora/54ffa82a-f093-4a62-a092-9752f5031524,yes,49,Noise,None,legora|gtm manager - strategic accounts
2366380778,mbxBWQqaJiWjbFFfC|EHR7huYa7StCS0dKE,"Account Executive, DX Enterprise Benelux (Dutch speaker)",Atlassian,Software Development,16907,2026-09-16,2026-09-16,icims,5-10,"London, England, United Kingdom",https://globalcareers-atlassian.icims.com/jobs/25731/account-executive%2c-dx-enterprise-benelux-%28dutch-speaker%29/job,yes,67,Partial,None,"atlassian|account executive, dx enterprise benelux (dutch speaker)"
2366203559,mbxBWQqaJiWjbFFfC|EHR7huYa7StCS0dKE,"Account Executive, DACH",NetBox Labs,Computer Networking Products,147,2026-09-16,2026-09-16,ashby,5-10,"London, England, United Kingdom",https://jobs.ashbyhq.com/netboxlabs/d5fb8ed9-cd3b-415e-a0ab-c0cc7d13f00e,yes,58,Partial,None,"netbox labs|account executive, dach"
2366079959,mbxBWQqaJiWjbFFfC|EHR7huYa7StCS0dKE,Sr. Account Executive,Cyara,Software Development,391,2026-09-16,2026-09-16,lever.co,10+,United Kingdom,https://jobs.lever.co/cyara/ba79a22c-d11a-497e-912f-d7a0eefff4a7,yes,76,Strong,None,cyara|sr. account executive
2366006243,mbxBWQqaJiWjbFFfC|EHR7huYa7StCS0dKE,Senior Account Executive,Jobgether,Internet Marketplace Platforms,550,2026-09-16,2026-09-16,lever.co,10+,United Kingdom,https://jobs.lever.co/jobgether/f9db32c0-9a0c-48dd-b2ad-8d5a6a9527fb,yes,0,Noise,Staffing poster,jobgether|senior account executive
2368203890,EHR7huYa7StCS0dKE,Account Executive - EMEA Specialist ,Samsara,Software Development,5768,2026-09-16,2026-09-17,greenhouse,5-10,United Kingdom,https://www.samsara.com/company/careers/roles/8103806?gh_jid=8103806,yes,57,Partial,None,samsara|account executive - emea specialist
2372709548,uOioaGBo3ulYMUng2,Senior Account Executive - Commercial - DACH,SAS,Software Development,15105,2026-09-16,2026-09-19,icims,5-10,"London, England, United Kingdom; Marlow, England, United Kingdom",https://global-sas.icims.com/jobs/42912/senior-account-executive---commercial---dach/job,yes,71,Strong,None,sas|senior account executive - commercial - dach
2365628446,mbxBWQqaJiWjbFFfC,New Business Account Executive,Gallagher,Insurance,6999,2026-09-15,2026-09-16,icims,5-10,"Llantrisant, Wales, United Kingdom",https://jobs.ajg.com/ajg-home/jobs/59526,no,,,,
2364343515,mbxBWQqaJiWjbFFfC|EHR7huYa7StCS0dKE,Account Director - Highly Regulated Industries,Diligent Corporation,Software Development,3088,2026-09-15,2026-09-15,greenhouse,5-10,"London, England, United Kingdom",https://job-boards.greenhouse.io/diligentcorporation/jobs/6186249004,yes,72,Strong,None,diligent|account director - highly regulated industries
2365628414,mbxBWQqaJiWjbFFfC,Strategic Account Manager - Specialty Lines,Gallagher,Insurance,6999,2026-09-15,2026-09-16,icims,5-10,"City of London, England, United Kingdom",https://jobs.ajg.com/ajg-home/jobs/50771,no,,,,
2364121488,mbxBWQqaJiWjbFFfC,Customer Account Executive,Cummins,Motor Vehicle Manufacturing,53941,2026-09-15,2026-09-15,oraclecloud,5-10,"Redditch, England, United Kingdom",https://fa-espx-saasfaprod1.fa.ocs.oraclecloud.com/hcmUI/CandidateExperience/en/sites/CX_1/job/2438204,no,,,,
2363856571,mbxBWQqaJiWjbFFfC|EHR7huYa7StCS0dKE,"Account Executive, Private Sector",Cellebrite,Public Safety,1330,2026-09-15,2026-09-15,comeet,5-10,"London, England, United Kingdom",https://www.comeet.com/jobs/Cellebrite/C3.00F/account-executive-private-sector/F6.278,yes,59,Partial,None,"cellebrite|account executive, private sector"
2363788180,mbxBWQqaJiWjbFFfC|EHR7huYa7StCS0dKE,Paid Social Account Director,Publicis Groupe Holdings B.V,Information Services,1,2026-09-15,2026-09-15,icims,5-10,"City of London, England, United Kingdom",https://employees-publicisgroupe.icims.com/jobs/173138/paid-social-account-director/job,yes,0,Noise,Agency/PR,publicis groupe holdings b v|paid social account director
2363787917,mbxBWQqaJiWjbFFfC,"Account Director, Social",WPP Media,Advertising Services,60453,2026-09-15,2026-09-15,greenhouse,5-10,"Manchester, England, United Kingdom",https://job-boards.greenhouse.io/wppmedia/jobs/5159010008,no,,,,
2363773206,mbxBWQqaJiWjbFFfC|EHR7huYa7StCS0dKE,Mid Market Account Executive,impact.com,Software Development,3685,2026-09-15,2026-09-15,greenhouse,5-10,"London, England, United Kingdom",https://job-boards.greenhouse.io/impact/jobs/8551697002,yes,59,Partial,None,impact com|mid market account executive
2363660443,mbxBWQqaJiWjbFFfC|EHR7huYa7StCS0dKE,Senior Account Executive UK,Biztory,IT Services and IT Consulting,70,2026-09-15,2026-09-15,workable,5-10,"London, England, United Kingdom",https://jobs.workable.com/view/6uv3YbnqxBDPu4oBKXn1SL/hybrid-senior-account-executive-uk-in-london-at-biztory,yes,63,Partial,None,biztory|senior account executive uk
2365421536,mbxBWQqaJiWjbFFfC|EHR7huYa7StCS0dKE,Named Account Executive - Building Societies,Salesforce,Software Development,89983,2026-09-15,2026-09-16,workday,5-10,"London, England, United Kingdom",https://salesforce.wd12.myworkdayjobs.com/External_Career_Site/job/United-Kingdom---London/Named-Account-Executive---Building-Societies_JR354200,yes,74,Strong,None,salesforce|named account executive - building societies
2364803589,mbxBWQqaJiWjbFFfC|EHR7huYa7StCS0dKE,Strategic Named-Account Manager - UK & Ireland,Trellix,Computer and Network Security,3769,2026-09-15,2026-09-15,workday,10+,Ireland; United Kingdom,https://trellix.wd1.myworkdayjobs.com/EnterpriseCareers/job/Remote-United-Kingdom/Enterprise-Account-Manager--UK_JR0037317-1,yes,74,Strong,None,trellix|strategic named-account manager - uk & ireland
2364802973,mbxBWQqaJiWjbFFfC|EHR7huYa7StCS0dKE,Senior Strategic Account Manager - Reuters,Thomson Reuters,Software Development,36793,2026-09-15,2026-09-15,workday,5-10,"London, England, United Kingdom",https://thomsonreuters.wd5.myworkdayjobs.com/External_Career_Site/job/United-Kingdom-London/Senior-Strategic-Account-Manager---Reuters_JREQ203686,yes,0,Noise,Ad sales,thomson reuters|senior strategic account manager - reuters
2364664874,mbxBWQqaJiWjbFFfC|EHR7huYa7StCS0dKE,Senior Account Executive,F5,IT Services and IT Consulting,6267,2026-09-15,2026-09-15,workday,10+,"Babergh, England, United Kingdom",https://ffive.wd5.myworkdayjobs.com/f5jobs/job/UK-Homebase/Senior-Account-Executive_RP1038718,yes,87,Strong,None,f5|senior account executive
2364661380,mbxBWQqaJiWjbFFfC|EHR7huYa7StCS0dKE,Senior Account Executive - UK,Tandem Health,Hospitals and Health Care,203,2026-09-15,2026-09-15,ashby,5-10,"London, England, United Kingdom",https://jobs.ashbyhq.com/tandem-health/e1ea7f4b-09fa-4a7b-afc2-a8ba9fb3f3c0,yes,59,Partial,None,tandem health|senior account executive - uk
2364593342,mbxBWQqaJiWjbFFfC,"Strategic Account Manager, NHS & Integrated Care Systems",BD,Medical Equipment Manufacturing,821,2026-09-15,2026-09-15,workday,5-10,"London, England, United Kingdom; Southampton, England, United Kingdom; Winnersh, England, United Kingdom",https://bdx.wd1.myworkdayjobs.com/EXTERNAL_CAREER_SITE_UK/job/GBR-Winnersh---Eskdale-Road/Strategic-Account-Manager_R-555080,no,,,,
2364305323,mbxBWQqaJiWjbFFfC|EHR7huYa7StCS0dKE,Enterprise Account Executive,Case IQ,Software Development,188,2026-09-15,2026-09-15,bamboohr,5-10,United Kingdom,https://caseiq.bamboohr.com/careers/338,yes,67,Partial,None,case iq|enterprise account executive
2364279297,mbxBWQqaJiWjbFFfC|EHR7huYa7StCS0dKE,Enterprise Account Executive - Legal,Intapp,Software Development,1372,2026-09-15,2026-09-15,workday,10+,"London, England, United Kingdom",https://intapp.wd1.myworkdayjobs.com/Intapp/job/London-UK/Enterprise-Account-Executive---Legal_R2025352-1,yes,66,Partial,None,intapp|enterprise account executive - legal
2364178697,mbxBWQqaJiWjbFFfC|EHR7huYa7StCS0dKE,Sr. Account Executive UK (2),WoodWing,Software Development,231,2026-09-15,2026-09-15,recruitee,5-10,"City of London, England, United Kingdom",https://woodwing.recruitee.com/o/sr-account-executive-uk-2,yes,58,Partial,None,woodwing|sr. account executive uk (2)
2364007379,mbxBWQqaJiWjbFFfC|EHR7huYa7StCS0dKE,"Global Account Manager - Energy and Utilities EMEA, AWSI , AWSI IBU E&U",Amazon,Software Development,766441,2026-09-15,2026-09-15,in-house,10+,"London, England, United Kingdom",https://www.amazon.jobs/en/jobs/10541599,yes,72,Strong,None,"amazon|global account manager - energy and utilities emea, awsi , awsi ibu e&u"
2363925103,mbxBWQqaJiWjbFFfC|EHR7huYa7StCS0dKE,Account Director (New Business),Neudata,Financial Services,92,2026-09-15,2026-09-15,ashby,5-10,"London, England, United Kingdom",https://jobs.ashbyhq.com/neudata/5f088729-f352-4d08-9628-fb897c07e972,yes,65,Partial,None,neudata|account director (new business)
2363924576,mbxBWQqaJiWjbFFfC,Global Account Manager - Institutional Division (Remote),Ecolab Inc.,Chemical Manufacturing,50267,2026-09-15,2026-09-15,phenompeople,10+,"Järvenpää, Uusimaa, Finland; Bordeaux, Nouvelle-Aquitaine, France; Munich, Bavaria, Germany; Berlin, Berlin, Germany; Someren, North Brabant, Netherlands; Manchester, England, United Kingdom",https://jobs.ecolab.com/global/en/job/R00303410/Global-Account-Manager-Institutional-Division-Remote,no,,,,
2363890572,mbxBWQqaJiWjbFFfC|EHR7huYa7StCS0dKE,Senior Account Executive,Rocket Companies,Financial Services,11216,2026-09-15,2026-09-15,workday,10+,United Kingdom,https://rocket.wd5.myworkdayjobs.com/rocket_careers/job/United-Kingdom-Remote/Senior-Account-Executive_R2026-6691,yes,52,Noise,None,rocket companies|senior account executive
2363703848,mbxBWQqaJiWjbFFfC,Global Account Manager - Institutional Division (Remote),Ecolab,Chemical Manufacturing,50267,2026-09-15,2026-09-15,workday,10+,"Paris, Ile-de-France, France; Bordeaux, Nouvelle-Aquitaine, France; Munich, Bavaria, Germany; Berlin, Germany; Leiden, South Holland, Netherlands; Manchester, England, United Kingdom",https://ecolab.wd1.myworkdayjobs.com/Ecolab_External/job/FRA---le-de-France---Paris/Global-Account-Manager---Institutional-Division--Remote-_R00303410-1,no,,,,
2363463751,mbxBWQqaJiWjbFFfC|EHR7huYa7StCS0dKE,Account Executive,Sensor Tower,Market Research,464,2026-09-15,2026-09-15,ashby,5-10,"London, England, United Kingdom",https://jobs.ashbyhq.com/sensor-tower/827af81e-6e70-4a21-94b4-7d4acc423749,yes,59,Partial,None,sensor tower|account executive
2363376166,mbxBWQqaJiWjbFFfC|EHR7huYa7StCS0dKE,Enterprise Account Executive (Hybrid - London office),Astronomer,Software Development,4514,2026-09-15,2026-09-15,ashby,5-10,"London, England, United Kingdom",https://jobs.ashbyhq.com/astronomer/c92c8c2d-4baf-416b-b1b7-f10d4c6fe373,yes,75,Strong,None,astronomer|enterprise account executive (hybrid - london office)
2363178370,mbxBWQqaJiWjbFFfC|EHR7huYa7StCS0dKE,Account Executive - Strategic,Baseten,Software Development,419,2026-09-15,2026-09-15,ashby,5-10,"London, England, United Kingdom",https://jobs.ashbyhq.com/baseten/c9e18247-d145-486b-8ac4-3b3e3db53f10,yes,71,Strong,None,baseten|account executive - strategic
2372727524,uOioaGBo3ulYMUng2,Named Account Executive - Media AE 2,Salesforce,Software Development,89614,2026-09-15,2026-09-19,workday,5-10,"London, England, United Kingdom",https://salesforce.wd12.myworkdayjobs.com/External_Career_Site/job/United-Kingdom---London/Named-Account-Executive---Media-AE-2_JR354208,yes,64,Partial,None,salesforce|named account executive - media ae 2
2362610391,mbxBWQqaJiWjbFFfC|EHR7huYa7StCS0dKE,"Strategic Account Tech Sales Engineer, EMEA",Vertiv,"Appliances, Electrical, and Electronics Manufacturing",19480,2026-09-14,2026-09-14,oraclecloud,5-10,"London, England, United Kingdom",https://egup.fa.us2.oraclecloud.com/hcmUI/CandidateExperience/en/sites/CX/job/20281429,yes,43,Noise,None,"vertiv|strategic account tech sales engineer, emea"
2362538316,mbxBWQqaJiWjbFFfC|EHR7huYa7StCS0dKE,Strategic Account Executive Inference EMEA,Together AI,Software Development,432,2026-09-14,2026-09-14,greenhouse,5-10,"London, England, United Kingdom",https://job-boards.greenhouse.io/togetherai/jobs/5230846007,yes,73,Strong,None,together ai|strategic account executive inference emea
2362478709,mbxBWQqaJiWjbFFfC|EHR7huYa7StCS0dKE,Account Director,SilverRail,Information Technology & Services,136,2026-09-14,2026-09-14,greenhouse,5-10,"London, England, United Kingdom",https://job-boards.greenhouse.io/silverrail/jobs/8805739002,yes,49,Noise,None,silverrail|account director
2362397806,mbxBWQqaJiWjbFFfC|EHR7huYa7StCS0dKE,"Account Executive 4, Business Development - Sales",Dell Technologies,Computer Hardware Manufacturing,124300,2026-09-14,2026-09-14,oraclecloud,5-10,United Kingdom,https://iawmqy.fa.ocs.oraclecloud.com/hcmUI/CandidateExperience/en/sites/careers/job/296805,yes,38,Noise,None,"dell technologies|account executive 4, business development - sales"
2362306759,mbxBWQqaJiWjbFFfC|EHR7huYa7StCS0dKE,"Major Account Manager, Public Sector",Check Point Software Technologies,Computer and Network Security,8629,2026-09-14,2026-09-14,smartrecruiters,5-10,"London, England, United Kingdom",https://jobs.smartrecruiters.com/CheckPointSoftwareTechnologies2/744000149320194-major-account-manager-public-sector,yes,59,Partial,None,"check point software technologies|major account manager, public sector"
2362334942,mbxBWQqaJiWjbFFfC|EHR7huYa7StCS0dKE,"Account Executive 3, Direct Sales",Dell Technologies,Computer Hardware Manufacturing,124300,2026-09-14,2026-09-14,oraclecloud,5-10,"London, England, United Kingdom",https://iawmqy.fa.ocs.oraclecloud.com/hcmUI/CandidateExperience/en/sites/careers/job/294544,yes,51,Noise,None,"dell technologies|account executive 3, direct sales"
2364081886,mbxBWQqaJiWjbFFfC,Senior Account Executive,Gallagher,Insurance,6999,2026-09-14,2026-09-15,icims,5-10,"Chichester, England, United Kingdom",https://jobs.ajg.com/ajg-home/jobs/59438,no,,,,
2362206687,mbxBWQqaJiWjbFFfC|EHR7huYa7StCS0dKE,Account Executive,WTW,Financial Services,55523,2026-09-14,2026-09-14,oraclecloud,5-10,"Ipswich, England, United Kingdom",https://eedu.fa.em3.oraclecloud.com/hcmUI/CandidateExperience/en/sites/CX_1003/job/202605780,yes,0,Noise,Insurance broker,wtw|account executive
2363622882,mbxBWQqaJiWjbFFfC|EHR7huYa7StCS0dKE,Named Account Executive - Fintech,Salesforce,Software Development,89983,2026-09-14,2026-09-15,workday,5-10,"London, England, United Kingdom",https://salesforce.wd12.myworkdayjobs.com/External_Career_Site/job/United-Kingdom---London/Named-Account-Executive---Fintech_JR354194,yes,67,Partial,None,salesforce|named account executive - fintech
2363178374,mbxBWQqaJiWjbFFfC|EHR7huYa7StCS0dKE,Account Executive - Enterprise (London),Baseten,Software Development,419,2026-09-14,2026-09-15,ashby,10+,"London, England, United Kingdom",https://jobs.ashbyhq.com/baseten/b7fad264-bfe7-4d90-a8c7-493e7896c5c7,yes,80,Strong,None,baseten|account executive - enterprise (london)
2362689928,mbxBWQqaJiWjbFFfC|EHR7huYa7StCS0dKE,Enterprise New Business Account Executive,Mimecast,Computer and Network Security,2382,2026-09-14,2026-09-14,workday,5-10,"London, England, United Kingdom",https://mimecast.wd5.myworkdayjobs.com/Mimecast-Careers/job/Great-Britain---London/Enterprise-New-Business-Account-Executive_R6734-1,yes,66,Partial,None,mimecast|enterprise new business account executive
2362459759,mbxBWQqaJiWjbFFfC|EHR7huYa7StCS0dKE,Enterprise Account Executive – Expansion,Mitti,"Technology, Information and Internet",438,2026-09-14,2026-09-14,ashby,5-10,"Manchester, England, United Kingdom",https://jobs.ashbyhq.com/mitti/ba09094b-3949-4c38-bb85-9c28ea3bdb13,yes,58,Partial,None,mitti|enterprise account executive – expansion
2362176766,mbxBWQqaJiWjbFFfC|EHR7huYa7StCS0dKE,Account Executive,Siteimprove,Software Development,429,2026-09-14,2026-09-14,lever.co,5-10,"London, England, United Kingdom",https://jobs.eu.lever.co/siteimprove/a38e091c-7704-468a-be5a-d4065450079f,yes,79,Strong,None,siteimprove|account executive
2362023284,mbxBWQqaJiWjbFFfC|EHR7huYa7StCS0dKE,Founding Account Executive UK,Bobyard,"Technology, Information and Internet",104,2026-09-14,2026-09-14,ashby,5-10,United Kingdom,https://jobs.ashbyhq.com/bobyard/a36e1157-6363-4448-bc58-ffb0a6ff7bca,yes,50,Noise,None,bobyard|founding account executive uk
2372233676,uOioaGBo3ulYMUng2,Strategic Account Manager 3,Behavox,Software Development,198,2026-09-14,2026-09-19,greenhouse,5-10,"London, England, United Kingdom",https://job-boards.greenhouse.io/behavox/jobs/8201732,yes,71,Strong,None,behavox|strategic account manager 3
2362486685,mbxBWQqaJiWjbFFfC|EHR7huYa7StCS0dKE,"Senior Account Executive, International Region","VETRO, Inc",Software Development,107,2026-09-13,2026-09-14,breezy,5-10,"London, England, United Kingdom",https://vetro-fibermap-inc.breezy.hr/p/1cc636b728c0-senior-account-executive-international-region,yes,62,Partial,None,"vetro|senior account executive, international region"
2360269801,mbxBWQqaJiWjbFFfC|EHR7huYa7StCS0dKE,"Account Executive (Large Enterprise), Global Business Sales",Gartner,Information Services,22057,2026-09-12,2026-09-12,workday,5-10,"London, England, United Kingdom",https://gartner.wd5.myworkdayjobs.com/EXT/job/London/Account-Executive--Large-Enterprise---Global-Business-Sales_109919,yes,67,Partial,None,"gartner|account executive (large enterprise), global business sales"
2359579054,mbxBWQqaJiWjbFFfC|EHR7huYa7StCS0dKE,"Founding Account Executive, UKI",Telnyx,Software Development,412,2026-09-11,2026-09-11,greenhouse,5-10,"London, England, United Kingdom",https://job-boards.greenhouse.io/telnyx54/jobs/7992601003,yes,81,Strong,None,"telnyx|founding account executive, uki"
2364138493,mbxBWQqaJiWjbFFfC|EHR7huYa7StCS0dKE,Account Director - UK based,Medius,Software Development,960,2026-09-11,2026-09-15,teamtailor,5-10,"London, England, United Kingdom; Manchester, England, United Kingdom",https://career.medius.com/jobs/8368748-account-director-uk-based,yes,68,Partial,None,medius|account director - uk based
2359465043,mbxBWQqaJiWjbFFfC|EHR7huYa7StCS0dKE,Enterprise Account Executive - German Speaking (f/m/d),Contentful,Software Development,1030,2026-09-11,2026-09-11,greenhouse,5-10,"London, England, United Kingdom",https://job-boards.greenhouse.io/contentful/jobs/8197219,yes,65,Partial,None,contentful|enterprise account executive - german speaking (f/m/d)
2359070893,mbxBWQqaJiWjbFFfC|EHR7huYa7StCS0dKE,Senior Account Executive - Mid-Market,Super Payments,Financial Services,57,2026-09-11,2026-09-11,greenhouse,5-10,"London, England, United Kingdom",https://job-boards.eu.greenhouse.io/superpayments/jobs/4777893101,yes,57,Partial,None,super payments|senior account executive - mid-market
2365840744,mbxBWQqaJiWjbFFfC|EHR7huYa7StCS0dKE,Large Enterprise Account Executive Okta,Okta,Computer and Network Security,7884,2026-09-11,2026-09-16,greenhouse,5-10,"London, England, United Kingdom",https://www.okta.com/company/careers/opportunity/7941715?gh_jid=7941715,yes,81,Strong,None,okta|large enterprise account executive okta
2358804503,mbxBWQqaJiWjbFFfC|EHR7huYa7StCS0dKE,Mid-Market Account Executive - (DACH/UKI),Bitwarden,Software Development,281,2026-09-11,2026-09-11,greenhouse,5-10,United Kingdom,https://bitwarden.com/careers/7792382003/?gh_jid=7792382003,yes,0,Noise,Wrong location/US leak,bitwarden|mid-market account executive - (dach/uki)
2360067466,mbxBWQqaJiWjbFFfC|EHR7huYa7StCS0dKE,Services Account Executive,Microsoft,Software Development,232207,2026-09-11,2026-09-12,eightfold,5-10,"London, England, United Kingdom",https://apply.careers.microsoft.com/careers/job/1970393556990614-services-account-executive-united-kingdom-london-london,yes,61,Partial,None,microsoft|services account executive
2358649034,mbxBWQqaJiWjbFFfC|EHR7huYa7StCS0dKE,"Account Executive, Enterprise",Braze,Software Development,2367,2026-09-11,2026-09-11,greenhouse,5-10,"London, England, United Kingdom",https://job-boards.greenhouse.io/braze/jobs/8186090,yes,64,Partial,None,"braze|account executive, enterprise"
2358616289,mbxBWQqaJiWjbFFfC,Paid Search Account Director,WPP Media,Advertising Services,60360,2026-09-11,2026-09-11,greenhouse,5-10,"London, England, United Kingdom",https://job-boards.greenhouse.io/wppmedia/jobs/5282056008,no,,,,
2359492273,mbxBWQqaJiWjbFFfC|EHR7huYa7StCS0dKE,Enterprise Account Executive - Mastercard Identity,Mastercard,IT Services and IT Consulting,51715,2026-09-11,2026-09-11,workday,5-10,"Great Sankey, England, United Kingdom; Miami, Florida, United States; Atlanta, Georgia, United States; Chicago, Illinois, United States; Boston, Massachusetts, United States; Purchase, New York, United States; Arlington, Virginia, United States; Seattle, Washington, United States; Montana, United States; Utah, United States",https://mastercard.wd1.myworkdayjobs.com/CorporateCareers/job/Seattle-Washington/Enterprise-Account-Executive---Mastercard-Identity_R-288461,yes,68,Partial,None,mastercard|enterprise account executive - mastercard identity
2359335853,mbxBWQqaJiWjbFFfC|EHR7huYa7StCS0dKE,Account Executive,Securonix,Computer and Network Security,668,2026-09-11,2026-09-11,bamboohr,5-10,"London, England, United Kingdom",https://securonix.bamboohr.com/careers/1937,yes,72,Strong,None,securonix|account executive
2359173337,mbxBWQqaJiWjbFFfC|EHR7huYa7StCS0dKE,Strategic Account Manager,Delinea,Software Development,1385,2026-09-11,2026-09-11,ashby,10+,"Bracknell, England, United Kingdom",https://jobs.ashbyhq.com/delinea/d201f6d8-72cd-4dc7-a34e-9bc74cfe7e2d,yes,80,Strong,None,delinea|strategic account manager
2359072681,mbxBWQqaJiWjbFFfC|EHR7huYa7StCS0dKE,"Senior Business Development Manager – Strategic Accounts, Assurance UKI",BSI,Professional Services,9894,2026-09-11,2026-09-11,workday,5-10,United Kingdom,https://wd3.myworkdaysite.com/recruiting/bsigroup/BSI_Careers/job/United-Kingdom/Senior-Business-Development-Manager---Strategic-Accounts--Assurance-UKI_JR0020950,yes,42,Noise,None,"bsi|senior business development manager – strategic accounts, assurance uki"
2358929018,mbxBWQqaJiWjbFFfC|EHR7huYa7StCS0dKE,R&D Field Account Manager Strategic Accounts,Sartorius,Biotechnology Research,10094,2026-09-11,2026-09-11,workday,5-10,"Epsom, England, United Kingdom; Middlesbrough, England, United Kingdom",https://sartorius.wd3.myworkdayjobs.com/sartoriuscareers/job/Home-Office-Epsom/R-D-Field-Account-Manager-Strategic-Accounts_R41269,yes,48,Noise,None,sartorius|r&d field account manager strategic accounts
2358910684,mbxBWQqaJiWjbFFfC|EHR7huYa7StCS0dKE,"Account Executive, Public Sector",Cohesity,Software Development,7806,2026-09-11,2026-09-11,workday,10+,United Kingdom,https://cohesity.wd5.myworkdayjobs.com/Cohesity_Careers/job/United-Kingdom---Remote/Account-Executive--Public-Sector_R04730,yes,58,Partial,None,"cohesity|account executive, public sector"
2358904582,mbxBWQqaJiWjbFFfC|EHR7huYa7StCS0dKE,Enterprise Account Executive - English,NinjaOne,Software Development,2519,2026-09-11,2026-09-11,jobvite,5-10,United Kingdom,https://jobs.jobvite.com/ninjaone/job/orLMAfwi,yes,62,Partial,None,ninjaone|enterprise account executive - english
2367972435,EHR7huYa7StCS0dKE,Strategic Account Executive UK/I,Okta,Computer and Network Security,7883,2026-09-11,2026-09-17,greenhouse,10+,"London, England, United Kingdom",https://www.okta.com/company/careers/opportunity/7988286?gh_jid=7988286,yes,81,Strong,None,okta|strategic account executive uk/i
2357716367,mbxBWQqaJiWjbFFfC|EHR7huYa7StCS0dKE,Enterprise Account Executive - DACH (f/m/d),Contentful,Software Development,1036,2026-09-10,2026-09-10,greenhouse,5-10,"London, England, United Kingdom",https://job-boards.greenhouse.io/contentful/jobs/8193675,yes,65,Partial,None,contentful|enterprise account executive - dach (f/m/d)
2360690791,mbxBWQqaJiWjbFFfC|EHR7huYa7StCS0dKE,"Account Executive, Enterprise (Remote)",Qualio,Software Development,128,2026-09-10,2026-09-12,greenhouse,10+,"East Riding of Yorkshire, England, United Kingdom",https://job-boards.greenhouse.io/qualio/jobs/7991215003,yes,76,Strong,None,"qualio|account executive, enterprise (remote)"
2357610988,mbxBWQqaJiWjbFFfC|EHR7huYa7StCS0dKE,Account Director,Native,"Technology, Information and Media",201,2026-09-10,2026-09-10,teamtailor,5-10,"Greater London, England, United Kingdom",https://native.teamtailor.com/jobs/8362175-account-director,yes,0,Noise,Management track,native|account director
2357110674,mbxBWQqaJiWjbFFfC|EHR7huYa7StCS0dKE,"Strategic Account Executive - Private Markets, Europe",Carta,Software Development,5568,2026-09-10,2026-09-10,greenhouse,10+,"London, England, United Kingdom",https://job-boards.greenhouse.io/carta/jobs/7989780003,yes,82,Strong,None,"carta|strategic account executive - private markets, europe"
2357014553,mbxBWQqaJiWjbFFfC|EHR7huYa7StCS0dKE,"Account Executive, Enterprise UK",Zscaler,Computer and Network Security,9241,2026-09-10,2026-09-10,greenhouse,5-10,"London, England, United Kingdom",https://job-boards.greenhouse.io/zscaler/jobs/5234385007,yes,77,Strong,None,"zscaler|account executive, enterprise uk"
2358041771,mbxBWQqaJiWjbFFfC|EHR7huYa7StCS0dKE,Strategic Account Executive,Eightfold,Software Development,890,2026-09-10,2026-09-11,eightfold,5-10,"London, England, United Kingdom",https://app.eightfold.ai/careers/job/68763831636-strategic-account-executive-1377--london,yes,74,Strong,None,eightfold|strategic account executive
2357040244,mbxBWQqaJiWjbFFfC|EHR7huYa7StCS0dKE,Social Media Account Director,Visualsoft,Software Development,267,2026-09-10,2026-09-10,workable,5-10,"Manchester, England, United Kingdom",https://jobs.workable.com/view/qk2NSYcTh5545tw2VDeBHU/hybrid-social-media-account-director-in-manchester-at-visualsoft,yes,0,Noise,Management track,visualsoft|social media account director
2357040259,mbxBWQqaJiWjbFFfC|EHR7huYa7StCS0dKE,Social Media Account Director,Visualsoft,Software Development,267,2026-09-10,2026-09-10,workable,5-10,"Newcastle upon Tyne, England, United Kingdom",https://jobs.workable.com/view/38VjKobV7EDQL3A7wbQuhh/hybrid-social-media-account-director-in-newcastle-upon-tyne-at-visualsoft,yes,0,Noise,Management track,visualsoft|social media account director
2357040273,mbxBWQqaJiWjbFFfC|EHR7huYa7StCS0dKE,Social Media Account Director,Visualsoft,Software Development,267,2026-09-10,2026-09-10,workable,5-10,"Stockton-on-Tees, England, United Kingdom",https://jobs.workable.com/view/rodisHeLwvxeFD8d7TLobT/hybrid-social-media-account-director-in-stockton-on-tees-at-visualsoft,yes,0,Noise,Management track,visualsoft|social media account director
2356549854,mbxBWQqaJiWjbFFfC,Enterprise Account Executive UK&I - Data Quality,Experian,Information Services,7351,2026-09-10,2026-09-10,smartrecruiters,5-10,"London, England, United Kingdom",https://jobs.smartrecruiters.com/Experian/744000148744699-enterprise-account-executive-uk-i-data-quality,no,,,,
2356560541,mbxBWQqaJiWjbFFfC,"Key Account Executive, Google Cloud, Telco",Google,Software Development,296712,2026-09-10,2026-09-10,in-house,10+,"London, England, United Kingdom",https://www.google.com/about/careers/applications/jobs/results/120073832202412742,no,,,,
2356502517,mbxBWQqaJiWjbFFfC,Enterprise Account Executive Germany/EMEA,Bitwarden,Software Development,281,2026-09-10,2026-09-10,greenhouse,5-10,United Kingdom,https://bitwarden.com/careers/7989362003/?gh_jid=7989362003,no,,,,
2356418552,mbxBWQqaJiWjbFFfC,Enterprise Sales Account Executive - Net New,IFS,Software Development,9222,2026-09-10,2026-09-10,smartrecruiters,10+,"Staines-upon-Thames, England, United Kingdom",https://jobs.smartrecruiters.com/IFS1/744000148714743-enterprise-sales-account-executive-net-new,no,,,,
2356347251,mbxBWQqaJiWjbFFfC,Enterprise Sales Account Executive - Net New - (EUR),IFS,Software Development,9222,2026-09-10,2026-09-10,smartrecruiters,10+,"Staines-upon-Thames, England, United Kingdom",https://jobs.smartrecruiters.com/IFS1/744000148699127-enterprise-sales-account-executive-net-new-eur-,no,,,,
2356352180,mbxBWQqaJiWjbFFfC,"Account Executive, Enterprise (Hunter) ",Stripe,"Technology, Information and Internet",16910,2026-09-10,2026-09-10,greenhouse,10+,"London, England, United Kingdom",https://stripe.com/jobs/search?gh_jid=8165275,no,,,,
2363778337,mbxBWQqaJiWjbFFfC|EHR7huYa7StCS0dKE,Senior Solution Engineering Manager - UKI Global Accounts,Snowflake,Software Development,12215,2026-09-10,2026-09-15,ashby,10+,"London, England, United Kingdom",https://jobs.ashbyhq.com/snowflake/37e1160c-6cc2-4aa3-91f1-a366ebb3b828,yes,0,Noise,Management track,snowflake|senior solution engineering manager - uki global accounts
2361482285,mbxBWQqaJiWjbFFfC|EHR7huYa7StCS0dKE,"Enterprise Account Executive, DACH (German Speaking)",Sanity,Software Development,338,2026-09-10,2026-09-13,ashby,5-10,United Kingdom,https://jobs.ashbyhq.com/sanity/397273ec-0b44-449f-a2a9-1cdb8caf7976,yes,63,Partial,None,"sanity|enterprise account executive, dach (german speaking)"
2358216527,mbxBWQqaJiWjbFFfC|EHR7huYa7StCS0dKE,Large Enterprise Account Executive,Sprinklr,Software Development,7714,2026-09-10,2026-09-11,workday,5-10,"London, England, United Kingdom",https://sprinklr.wd1.myworkdayjobs.com/careers/job/United-Kingdom---London/Large-Enterprise-Account-Executive_113483-JOB,yes,63,Partial,None,sprinklr|large enterprise account executive
2357828472,mbxBWQqaJiWjbFFfC|EHR7huYa7StCS0dKE,Enterprise Account Executive (EMEA),Drata,Software Development,4968,2026-09-10,2026-09-11,ashby,5-10,United Kingdom,https://jobs.ashbyhq.com/drata/5e36d774-f149-43bc-b015-5ecd552d86ec,yes,62,Partial,None,drata|enterprise account executive (emea)
2357690118,mbxBWQqaJiWjbFFfC|EHR7huYa7StCS0dKE,Named Account Executive - Professional Services,Salesforce,Software Development,89800,2026-09-10,2026-09-10,workday,10+,"London, England, United Kingdom",https://salesforce.wd12.myworkdayjobs.com/External_Career_Site/job/United-Kingdom---London/Named-Account-Executive---Professional-Services_JR359706,yes,76,Strong,None,salesforce|named account executive - professional services
2357688818,mbxBWQqaJiWjbFFfC|EHR7huYa7StCS0dKE,Commercial Cloud Account Executive - Tableau,Tableau,Software Development,89800,2026-09-10,2026-09-10,workday,5-10,"London, England, United Kingdom",https://salesforce.wd12.myworkdayjobs.com/Tableau/job/United-Kingdom---London/Commercial-Cloud-Account-Executive---Tableau_JR350367-2,yes,70,Strong,None,tableau|commercial cloud account executive - tableau
2357366264,EHR7huYa7StCS0dKE,Strategic Account Executive (Scandinavian Territory),Tealium,Software Development,550,2026-09-10,2026-09-10,workday,5-10,United Kingdom,https://tealium.wd1.myworkdayjobs.com/Careers/job/Remote-United-Kingdom/Strategic-Account-Executive--Scandinavian-Territory-_,yes,76,Strong,None,tealium|strategic account executive (scandinavian territory)
2356845266,EHR7huYa7StCS0dKE,Senior Account Executive,Autodesk,Software Development,15811,2026-09-10,2026-09-10,workday,5-10,"London, England, United Kingdom",https://autodesk.wd1.myworkdayjobs.com/Ext/job/EMEA---United-Kingdom---London---Agar-St/Enterprise-Sales-Executive-UK---Ireland_25WD90932-1,yes,55,Partial,None,autodesk|senior account executive
2372073761,uOioaGBo3ulYMUng2,Partnership Account Director ,Carwow,"Technology, Information and Internet",609,2026-09-10,2026-09-19,ashby,5-10,United Kingdom,https://jobs.ashbyhq.com/Carwow/5629d3a2-858b-4ca8-ab32-3ffb63cf6248,yes,51,Noise,None,carwow|partnership account director
2360543556,EHR7huYa7StCS0dKE,"Account Executive, LE, GBS",Gartner,Information Services,22057,2026-09-09,2026-09-12,workday,5-10,"London, England, United Kingdom",https://gartner.wd5.myworkdayjobs.com/EXT/job/London/Account-Executive--LE--GBS_112264-1,yes,66,Partial,None,"gartner|account executive, le, gbs"
2360543565,EHR7huYa7StCS0dKE,"Account Executive, LE - Global Business Sales",Gartner,Information Services,22057,2026-09-08,2026-09-12,workday,5-10,"London, England, United Kingdom",https://gartner.wd5.myworkdayjobs.com/EXT/job/London/Account-Executive--LE_102944,yes,67,Partial,None,"gartner|account executive, le - global business sales"
2360543550,EHR7huYa7StCS0dKE,Large Enterprise Account Executive - GBS,Gartner,Information Services,22057,2026-09-08,2026-09-12,workday,5-10,"London, England, United Kingdom",https://gartner.wd5.myworkdayjobs.com/EXT/job/London/Account-Executive--GBS--LE_99939-1,yes,67,Partial,None,gartner|large enterprise account executive - gbs
2357006879,EHR7huYa7StCS0dKE,Strategic Account Executive,XYZ Reality,Software Development,390,2026-09-07,2026-09-10,ashby,5-10,"London, England, United Kingdom",https://jobs.ashbyhq.com/xyz-reality/8a06cca8-cd13-4adc-85db-1fcbf5e8200b,yes,65,Partial,None,xyz reality|strategic account executive
2367989511,EHR7huYa7StCS0dKE,"Senior Enterprise Account Executive, HPC & AI - UK & Nordics",Penguin Solutions,IT Services and IT Consulting,1896,2026-08-29,2026-09-17,successfactors,10+,"Borough of Spelthorne, England, United Kingdom",https://careers.penguinsolutions.com/job/Staines-Senior-Enterprise-Account-Executive%2C-HPC-&-AI-UK-&-Nordics-TW18-3BA/1396406000/,yes,62,Partial,None,"penguin solutions|senior enterprise account executive, hpc & ai - uk & nordics"
2362261339,EHR7huYa7StCS0dKE,Strategic Enterprise Account Executive,Contentsquare,Software Development,1682,2026-07-01,2026-09-14,lever.co,5-10,"London, England, United Kingdom",https://jobs.lever.co/contentsquare/982ddd69-bc67-4595-9ad3-b681d85afb3e,yes,72,Strong,None,contentsquare|strategic enterprise account executive
2362432944,EHR7huYa7StCS0dKE,Senior Account Executive - Hybrid,HowNow,"Technology, Information and Internet",91,2026-06-23,2026-09-14,teamtailor,5-10,"London, England, United Kingdom",https://careers.gethownow.com/jobs/7959484-senior-account-executive-hybrid,yes,61,Partial,None,hownow|senior account executive - hybrid
2358938683,EHR7huYa7StCS0dKE,UK Account Executive,Grasp,Software Development,93,2026-04-13,2026-09-11,teamtailor,5-10,"City of London, England, United Kingdom",https://careers.grasp-ai.com/jobs/7553291-uk-account-executive,yes,62,Partial,None,grasp|uk account executive
2361874802,EHR7huYa7StCS0dKE,Senior Account Executive - UK,Marqeta,Financial Services,1053,2026-04-13,2026-09-14,ashby,10+,"London, England, United Kingdom",https://jobs.ashbyhq.com/marqeta-inc/f0e03632-1419-47b1-b406-b8dbfb39ab13,yes,69,Partial,None,marqeta|senior account executive - uk
