source_job_id,bucket,reason,apify_runs,date_created,date_posted,organization,title,org_industry,industry_in_exclusion_list,source_ats,locations_derived,fit_score,machine_verdict,hard_fail_reason,human_verdict,in_role_intake,dedup_key,url
2356845266,ingested_in_role_intake,,EHR,2026-09-10T14:37:17.183264,2026-09-10T00:00:00,Autodesk,Senior Account Executive,Software Development,False,workday,"London, England, United Kingdom",55,Partial,None,Noise,True,autodesk|senior account executive,https://autodesk.wd1.myworkdayjobs.com/Ext/job/EMEA---United-Kingdom---London---Agar-St/Enterprise-Sales-Executive-UK---Ireland_25WD90932-1
2357006879,ingested_in_role_intake,,EHR,2026-09-10T16:22:16.445843,2026-09-07T00:00:00,XYZ Reality,Strategic Account Executive,Software Development,False,ashby,"London, England, United Kingdom",65,Partial,None,Noise,True,xyz reality|strategic account executive,https://jobs.ashbyhq.com/xyz-reality/8a06cca8-cd13-4adc-85db-1fcbf5e8200b
2357014553,ingested_in_role_intake,,mbx|EHR,2026-09-10T16:26:26.403104,2026-09-10T16:26:17,Zscaler,"Account Executive, Enterprise UK",Computer and Network Security,False,greenhouse,"London, England, United Kingdom",77,Strong,None,Noise,True,"zscaler|account executive, enterprise uk",https://job-boards.greenhouse.io/zscaler/jobs/5234385007
2357040244,ingested_in_role_intake,,mbx|EHR,2026-09-10T16:37:15.3025,2026-09-10T15:56:15.334,Visualsoft,Social Media Account Director,Software Development,False,workable,"Manchester, England, United Kingdom",0,Noise,Management track,Noise,True,visualsoft|social media account director,https://jobs.workable.com/view/qk2NSYcTh5545tw2VDeBHU/hybrid-social-media-account-director-in-manchester-at-visualsoft
2357110674,ingested_in_role_intake,,mbx|EHR,2026-09-10T17:33:48.8525,2026-09-10T16:45:37,Carta,"Strategic Account Executive - Private Markets, Europe",Software Development,False,greenhouse,"London, England, United Kingdom",82,Strong,None,,True,"carta|strategic account executive - private markets, europe",https://job-boards.greenhouse.io/carta/jobs/7989780003
2357366264,ingested_in_role_intake,,EHR,2026-09-10T19:47:01.863732,2026-09-10T00:00:00,Tealium,Strategic Account Executive (Scandinavian Territory),Software Development,False,workday,United Kingdom,76,Strong,None,,True,tealium|strategic account executive (scandinavian territory),https://tealium.wd1.myworkdayjobs.com/Careers/job/Remote-United-Kingdom/Strategic-Account-Executive--Scandinavian-Territory-_
2357610988,ingested_in_role_intake,,mbx|EHR,2026-09-10T22:00:52.04353,2026-09-10T21:19:20,Native,Account Director,"Technology, Information and Media",False,teamtailor,"Greater London, England, United Kingdom",0,Noise,Management track,,True,native|account director,https://native.teamtailor.com/jobs/8362175-account-director
2357688818,ingested_in_role_intake,,mbx|EHR,2026-09-10T22:52:46.573151,2026-09-10T00:00:00,Tableau,Commercial Cloud Account Executive - Tableau,Software Development,False,workday,"London, England, United Kingdom",70,Strong,None,,True,tableau|commercial cloud account executive - tableau,https://salesforce.wd12.myworkdayjobs.com/Tableau/job/United-Kingdom---London/Commercial-Cloud-Account-Executive---Tableau_JR350367-2
2357690118,ingested_in_role_intake,,mbx|EHR,2026-09-10T22:55:13.500545,2026-09-10T00:00:00,Salesforce,Named Account Executive - Professional Services,Software Development,False,workday,"London, England, United Kingdom",76,Strong,None,Noise,True,salesforce|named account executive - professional services,https://salesforce.wd12.myworkdayjobs.com/External_Career_Site/job/United-Kingdom---London/Named-Account-Executive---Professional-Services_JR359706
2357716367,ingested_in_role_intake,,mbx|EHR,2026-09-10T23:10:49.849959,2026-09-10T23:02:52,Contentful,Enterprise Account Executive - DACH (f/m/d),Software Development,False,greenhouse,"London, England, United Kingdom",65,Partial,None,Noise,True,contentful|enterprise account executive - dach (f/m/d),https://job-boards.greenhouse.io/contentful/jobs/8193675
2357828472,ingested_in_role_intake,,mbx|EHR,2026-09-11T00:22:09.932656,2026-09-10T00:00:00,Drata,Enterprise Account Executive (EMEA),Software Development,False,ashby,United Kingdom,62,Partial,None,,True,drata|enterprise account executive (emea),https://jobs.ashbyhq.com/drata/5e36d774-f149-43bc-b015-5ecd552d86ec
2358041771,ingested_in_role_intake,,mbx|EHR,2026-09-11T02:41:17.392923,2026-09-10T16:25:12,Eightfold,Strategic Account Executive,Software Development,False,eightfold,"London, England, United Kingdom",74,Strong,None,Noise,True,eightfold|strategic account executive,https://app.eightfold.ai/careers/job/68763831636-strategic-account-executive-1377--london
2358216527,ingested_in_role_intake,,mbx|EHR,2026-09-11T04:44:44.289142,2026-09-10T00:00:00,Sprinklr,Large Enterprise Account Executive,Software Development,False,workday,"London, England, United Kingdom",63,Partial,None,,True,sprinklr|large enterprise account executive,https://sprinklr.wd1.myworkdayjobs.com/careers/job/United-Kingdom---London/Large-Enterprise-Account-Executive_113483-JOB
2358649034,ingested_in_role_intake,,mbx|EHR,2026-09-11T11:21:46.218267,2026-09-11T10:43:17,Braze,"Account Executive, Enterprise",Software Development,False,greenhouse,"London, England, United Kingdom",64,Partial,None,,True,"braze|account executive, enterprise",https://job-boards.greenhouse.io/braze/jobs/8186090
2358804503,ingested_in_role_intake,,mbx|EHR,2026-09-11T13:22:04.949319,2026-09-11T13:03:04,Bitwarden,Mid-Market Account Executive - (DACH/UKI),Software Development,False,greenhouse,United Kingdom,0,Noise,Wrong location/US leak,Noise,True,bitwarden|mid-market account executive - (dach/uki),https://bitwarden.com/careers/7792382003/?gh_jid=7792382003
2358904582,ingested_in_role_intake,,mbx|EHR,2026-09-11T14:35:00.461629,2026-09-11T00:00:00,NinjaOne,Enterprise Account Executive - English,Software Development,False,jobvite,United Kingdom,62,Partial,None,Noise,True,ninjaone|enterprise account executive - english,https://jobs.jobvite.com/ninjaone/job/orLMAfwi
2358910684,ingested_in_role_intake,,mbx|EHR,2026-09-11T14:37:35.287838,2026-09-11T00:00:00,Cohesity,"Account Executive, Public Sector",Software Development,False,workday,United Kingdom,58,Partial,None,Noise,True,"cohesity|account executive, public sector",https://cohesity.wd5.myworkdayjobs.com/Cohesity_Careers/job/United-Kingdom---Remote/Account-Executive--Public-Sector_R04730
2358929018,ingested_in_role_intake,,mbx|EHR,2026-09-11T14:53:35.285287,2026-09-11T00:00:00,Sartorius,R&D Field Account Manager Strategic Accounts,Biotechnology Research,False,workday,"Epsom, England, United Kingdom; Middlesbrough, England, United Kingdom",48,Noise,None,Noise,True,sartorius|r&d field account manager strategic accounts,https://sartorius.wd3.myworkdayjobs.com/sartoriuscareers/job/Home-Office-Epsom/R-D-Field-Account-Manager-Strategic-Accounts_R41269
2358938683,ingested_in_role_intake,,EHR,2026-09-11T15:01:12.968965,2026-04-13T08:22:18,Grasp,UK Account Executive,Software Development,False,teamtailor,"City of London, England, United Kingdom",62,Partial,None,,True,grasp|uk account executive,https://careers.grasp-ai.com/jobs/7553291-uk-account-executive
2359070893,ingested_in_role_intake,,mbx|EHR,2026-09-11T16:19:19.874643,2026-09-11T15:58:41,Super Payments,Senior Account Executive - Mid-Market,Financial Services,False,greenhouse,"London, England, United Kingdom",57,Partial,None,Noise,True,super payments|senior account executive - mid-market,https://job-boards.eu.greenhouse.io/superpayments/jobs/4777893101
2359072681,ingested_in_role_intake,,mbx|EHR,2026-09-11T16:20:02.936621,2026-09-11T00:00:00,BSI,"Senior Business Development Manager – Strategic Accounts, Assurance UKI",Professional Services,False,workday,United Kingdom,42,Noise,None,Noise,True,"bsi|senior business development manager – strategic accounts, assurance uki",https://wd3.myworkdaysite.com/recruiting/bsigroup/BSI_Careers/job/United-Kingdom/Senior-Business-Development-Manager---Strategic-Accounts--Assurance-UKI_JR0020950
2359173337,ingested_in_role_intake,,mbx|EHR,2026-09-11T17:22:38.253588,2026-09-11T00:00:00,Delinea,Strategic Account Manager,Software Development,False,ashby,"Bracknell, England, United Kingdom",80,Strong,None,Noise,True,delinea|strategic account manager,https://jobs.ashbyhq.com/delinea/d201f6d8-72cd-4dc7-a34e-9bc74cfe7e2d
2359335853,ingested_in_role_intake,,mbx|EHR,2026-09-11T18:58:29.012512,2026-09-11T00:00:00,Securonix,Account Executive,Computer and Network Security,False,bamboohr,"London, England, United Kingdom",72,Strong,None,Noise,True,securonix|account executive,https://securonix.bamboohr.com/careers/1937
2359465043,ingested_in_role_intake,,mbx|EHR,2026-09-11T20:10:43.395311,2026-09-11T19:13:23,Contentful,Enterprise Account Executive - German Speaking (f/m/d),Software Development,False,greenhouse,"London, England, United Kingdom",65,Partial,None,,True,contentful|enterprise account executive - german speaking (f/m/d),https://job-boards.greenhouse.io/contentful/jobs/8197219
2359492273,ingested_in_role_intake,,mbx|EHR,2026-09-11T20:31:42.416542,2026-09-11T00:00:00,Mastercard,Enterprise Account Executive - Mastercard Identity,IT Services and IT Consulting,False,workday,"Great Sankey, England, United Kingdom; Miami, Florida, United States; Atlanta, Georgia, United States; Chicago, Illinois, United States; Boston, Massachusetts, United States; Purchase, New York, United States; Arlington, Virginia, United States; Seattle, Washington, United States; Montana, United States; Utah, United States",68,Partial,None,Noise,True,mastercard|enterprise account executive - mastercard identity,https://mastercard.wd1.myworkdayjobs.com/CorporateCareers/job/Seattle-Washington/Enterprise-Account-Executive---Mastercard-Identity_R-288461
2359579054,ingested_in_role_intake,,mbx|EHR,2026-09-11T21:23:50.294157,2026-09-11T21:16:39,Telnyx,"Founding Account Executive, UKI",Software Development,False,greenhouse,"London, England, United Kingdom",81,Strong,None,Noise,True,"telnyx|founding account executive, uki",https://job-boards.greenhouse.io/telnyx54/jobs/7992601003
2360067466,ingested_in_role_intake,,mbx|EHR,2026-09-12T01:54:09.389939,2026-09-11T12:17:59,Microsoft,Services Account Executive,Software Development,False,eightfold,"London, England, United Kingdom",61,Partial,None,Noise,True,microsoft|services account executive,https://apply.careers.microsoft.com/careers/job/1970393556990614-services-account-executive-united-kingdom-london-london
2360269801,ingested_in_role_intake,,mbx|EHR,2026-09-12T04:30:41.623123,2026-09-12T00:00:00,Gartner,"Account Executive (Large Enterprise), Global Business Sales",Information Services,False,workday,"London, England, United Kingdom",67,Partial,None,,True,"gartner|account executive (large enterprise), global business sales",https://gartner.wd5.myworkdayjobs.com/EXT/job/London/Account-Executive--Large-Enterprise---Global-Business-Sales_109919
2360543550,ingested_in_role_intake,,EHR,2026-09-12T08:22:01.619231,2026-09-08T00:00:00,Gartner,Large Enterprise Account Executive - GBS,Information Services,False,workday,"London, England, United Kingdom",67,Partial,None,,True,gartner|large enterprise account executive - gbs,https://gartner.wd5.myworkdayjobs.com/EXT/job/London/Account-Executive--GBS--LE_99939-1
2360543556,ingested_in_role_intake,,EHR,2026-09-12T08:22:01.7982,2026-09-09T00:00:00,Gartner,"Account Executive, LE, GBS",Information Services,False,workday,"London, England, United Kingdom",66,Partial,None,,True,"gartner|account executive, le, gbs",https://gartner.wd5.myworkdayjobs.com/EXT/job/London/Account-Executive--LE--GBS_112264-1
2360543565,ingested_in_role_intake,,EHR,2026-09-12T08:22:02.12519,2026-09-08T00:00:00,Gartner,"Account Executive, LE - Global Business Sales",Information Services,False,workday,"London, England, United Kingdom",67,Partial,None,,True,"gartner|account executive, le - global business sales",https://gartner.wd5.myworkdayjobs.com/EXT/job/London/Account-Executive--LE_102944
2360690791,ingested_in_role_intake,,mbx|EHR,2026-09-12T10:13:10.018683,2026-09-10T22:24:32,Qualio,"Account Executive, Enterprise (Remote)",Software Development,False,greenhouse,"East Riding of Yorkshire, England, United Kingdom",76,Strong,None,Noise,True,"qualio|account executive, enterprise (remote)",https://job-boards.greenhouse.io/qualio/jobs/7991215003
2361482285,ingested_in_role_intake,,mbx|EHR,2026-09-13T08:21:38.517791,2026-09-10T00:00:00,Sanity,"Enterprise Account Executive, DACH (German Speaking)",Software Development,False,ashby,United Kingdom,63,Partial,None,Noise,True,"sanity|enterprise account executive, dach (german speaking)",https://jobs.ashbyhq.com/sanity/397273ec-0b44-449f-a2a9-1cdb8caf7976
2361874802,ingested_in_role_intake,,EHR,2026-09-14T00:22:33.481102,2026-04-13T00:00:00,Marqeta,Senior Account Executive - UK,Financial Services,False,ashby,"London, England, United Kingdom",69,Partial,None,Noise,True,marqeta|senior account executive - uk,https://jobs.ashbyhq.com/marqeta-inc/f0e03632-1419-47b1-b406-b8dbfb39ab13
2362023284,ingested_in_role_intake,,mbx|EHR,2026-09-14T05:21:45.120712,2026-09-14T00:00:00,Bobyard,Founding Account Executive UK,"Technology, Information and Internet",False,ashby,United Kingdom,50,Noise,None,Partial,True,bobyard|founding account executive uk,https://jobs.ashbyhq.com/bobyard/a36e1157-6363-4448-bc58-ffb0a6ff7bca
2362261339,ingested_in_role_intake,,EHR,2026-09-14T11:55:05.524135,2026-07-01T00:00:00,Contentsquare,Strategic Enterprise Account Executive,Software Development,False,lever.co,"London, England, United Kingdom",72,Strong,None,Noise,True,contentsquare|strategic enterprise account executive,https://jobs.lever.co/contentsquare/982ddd69-bc67-4595-9ad3-b681d85afb3e
2362334942,ingested_in_role_intake,,mbx|EHR,2026-09-14T13:06:13.019818,2026-09-14T12:10:56,Dell Technologies,"Account Executive 3, Direct Sales",Computer Hardware Manufacturing,False,oraclecloud,"London, England, United Kingdom",51,Noise,None,Noise,True,"dell technologies|account executive 3, direct sales",https://iawmqy.fa.ocs.oraclecloud.com/hcmUI/CandidateExperience/en/sites/careers/job/294544
2362397806,ingested_in_role_intake,,mbx|EHR,2026-09-14T14:08:41.202573,2026-09-14T13:29:08,Dell Technologies,"Account Executive 4, Business Development - Sales",Computer Hardware Manufacturing,False,oraclecloud,United Kingdom,38,Noise,None,Noise,True,"dell technologies|account executive 4, business development - sales",https://iawmqy.fa.ocs.oraclecloud.com/hcmUI/CandidateExperience/en/sites/careers/job/296805
2362432944,ingested_in_role_intake,,EHR,2026-09-14T14:55:57.697255,2026-06-23T14:54:08,HowNow,Senior Account Executive - Hybrid,"Technology, Information and Internet",False,teamtailor,"London, England, United Kingdom",61,Partial,None,,True,hownow|senior account executive - hybrid,https://careers.gethownow.com/jobs/7959484-senior-account-executive-hybrid
2362459759,ingested_in_role_intake,,mbx|EHR,2026-09-14T15:22:19.897378,2026-09-14T00:00:00,Mitti,Enterprise Account Executive – Expansion,"Technology, Information and Internet",False,ashby,"Manchester, England, United Kingdom",58,Partial,None,,True,mitti|enterprise account executive – expansion,https://jobs.ashbyhq.com/mitti/ba09094b-3949-4c38-bb85-9c28ea3bdb13
2362478709,ingested_in_role_intake,,mbx|EHR,2026-09-14T15:36:48.497623,2026-09-14T14:31:23,SilverRail,Account Director,Information Technology & Services,False,greenhouse,"London, England, United Kingdom",49,Noise,None,Noise,True,silverrail|account director,https://job-boards.greenhouse.io/silverrail/jobs/8805739002
2362486685,ingested_in_role_intake,,mbx|EHR,2026-09-14T15:45:04.170536,2026-09-13T00:00:00,"VETRO, Inc","Senior Account Executive, International Region",Software Development,False,breezy,"London, England, United Kingdom",62,Partial,None,,True,"vetro|senior account executive, international region",https://vetro-fibermap-inc.breezy.hr/p/1cc636b728c0-senior-account-executive-international-region
2362538316,ingested_in_role_intake,,mbx|EHR,2026-09-14T16:28:29.106342,2026-09-14T15:58:27,Together AI,Strategic Account Executive Inference EMEA,Software Development,False,greenhouse,"London, England, United Kingdom",73,Strong,None,Noise,True,together ai|strategic account executive inference emea,https://job-boards.greenhouse.io/togetherai/jobs/5230846007
2362610391,ingested_in_role_intake,,mbx|EHR,2026-09-14T17:41:23.482137,2026-09-14T17:06:35,Vertiv,"Strategic Account Tech Sales Engineer, EMEA","Appliances, Electrical, and Electronics Manufacturing",False,oraclecloud,"London, England, United Kingdom",43,Noise,None,Noise,True,"vertiv|strategic account tech sales engineer, emea",https://egup.fa.us2.oraclecloud.com/hcmUI/CandidateExperience/en/sites/CX/job/20281429
2362689928,ingested_in_role_intake,,mbx|EHR,2026-09-14T18:46:14.628536,2026-09-14T00:00:00,Mimecast,Enterprise New Business Account Executive,Computer and Network Security,False,workday,"London, England, United Kingdom",66,Partial,None,Noise,True,mimecast|enterprise new business account executive,https://mimecast.wd5.myworkdayjobs.com/Mimecast-Careers/job/Great-Britain---London/Enterprise-New-Business-Account-Executive_R6734-1
2363178370,ingested_in_role_intake,,mbx|EHR,2026-09-15T00:22:22.271277,2026-09-15T00:00:00,Baseten,Account Executive - Strategic,Software Development,False,ashby,"London, England, United Kingdom",71,Strong,None,,True,baseten|account executive - strategic,https://jobs.ashbyhq.com/baseten/c9e18247-d145-486b-8ac4-3b3e3db53f10
2363178374,ingested_in_role_intake,,mbx|EHR,2026-09-15T00:22:22.430703,2026-09-14T00:00:00,Baseten,Account Executive - Enterprise (London),Software Development,False,ashby,"London, England, United Kingdom",80,Strong,None,,True,baseten|account executive - enterprise (london),https://jobs.ashbyhq.com/baseten/b7fad264-bfe7-4d90-a8c7-493e7896c5c7
2363376166,ingested_in_role_intake,,mbx|EHR,2026-09-15T03:21:51.608456,2026-09-15T00:00:00,Astronomer,Enterprise Account Executive (Hybrid - London office),Software Development,False,ashby,"London, England, United Kingdom",75,Strong,None,,True,astronomer|enterprise account executive (hybrid - london office),https://jobs.ashbyhq.com/astronomer/c92c8c2d-4baf-416b-b1b7-f10d4c6fe373
2363463751,ingested_in_role_intake,,mbx|EHR,2026-09-15T04:22:36.730907,2026-09-15T00:00:00,Sensor Tower,Account Executive,Market Research,False,ashby,"London, England, United Kingdom",59,Partial,None,Noise,True,sensor tower|account executive,https://jobs.ashbyhq.com/sensor-tower/827af81e-6e70-4a21-94b4-7d4acc423749
2363622882,ingested_in_role_intake,,mbx|EHR,2026-09-15T06:44:10.149462,2026-09-14T00:00:00,Salesforce,Named Account Executive - Fintech,Software Development,False,workday,"London, England, United Kingdom",67,Partial,None,,True,salesforce|named account executive - fintech,https://salesforce.wd12.myworkdayjobs.com/External_Career_Site/job/United-Kingdom---London/Named-Account-Executive---Fintech_JR354194
2363660443,ingested_in_role_intake,,mbx|EHR,2026-09-15T07:34:58.29471,2026-09-15T07:26:11.036,Biztory,Senior Account Executive UK,IT Services and IT Consulting,False,workable,"London, England, United Kingdom",63,Partial,None,Noise,True,biztory|senior account executive uk,https://jobs.workable.com/view/6uv3YbnqxBDPu4oBKXn1SL/hybrid-senior-account-executive-uk-in-london-at-biztory
2363773206,ingested_in_role_intake,,mbx|EHR,2026-09-15T09:15:52.549323,2026-09-15T08:21:03,impact.com,Mid Market Account Executive,Software Development,False,greenhouse,"London, England, United Kingdom",59,Partial,None,,True,impact com|mid market account executive,https://job-boards.greenhouse.io/impact/jobs/8551697002
2363778337,ingested_in_role_intake,,mbx|EHR,2026-09-15T09:22:03.872001,2026-09-10T00:00:00,Snowflake,Senior Solution Engineering Manager - UKI Global Accounts,Software Development,False,ashby,"London, England, United Kingdom",0,Noise,Management track,Noise,True,snowflake|senior solution engineering manager - uki global accounts,https://jobs.ashbyhq.com/snowflake/37e1160c-6cc2-4aa3-91f1-a366ebb3b828
2363788180,ingested_in_role_intake,,mbx|EHR,2026-09-15T09:28:31.81823,2026-09-15T09:28:28.392,Publicis Groupe Holdings B.V,Paid Social Account Director,Information Services,False,icims,"City of London, England, United Kingdom",0,Noise,Agency/PR,Noise,True,publicis groupe holdings b v|paid social account director,https://employees-publicisgroupe.icims.com/jobs/173138/paid-social-account-director/job
2363856571,ingested_in_role_intake,,mbx|EHR,2026-09-15T10:15:17.623557,2026-09-15T10:07:42,Cellebrite,"Account Executive, Private Sector",Public Safety,False,comeet,"London, England, United Kingdom",59,Partial,None,Noise,True,"cellebrite|account executive, private sector",https://www.comeet.com/jobs/Cellebrite/C3.00F/account-executive-private-sector/F6.278
2363890572,ingested_in_role_intake,,mbx|EHR,2026-09-15T10:44:40.433099,2026-09-15T00:00:00,Rocket Companies,Senior Account Executive,Financial Services,False,workday,United Kingdom,52,Noise,None,Noise,True,rocket companies|senior account executive,https://rocket.wd5.myworkdayjobs.com/rocket_careers/job/United-Kingdom-Remote/Senior-Account-Executive_R2026-6691
2363925103,ingested_in_role_intake,,mbx|EHR,2026-09-15T11:22:37.717305,2026-09-15T00:00:00,Neudata,Account Director (New Business),Financial Services,False,ashby,"London, England, United Kingdom",65,Partial,None,,True,neudata|account director (new business),https://jobs.ashbyhq.com/neudata/5f088729-f352-4d08-9628-fb897c07e972
2364007379,ingested_in_role_intake,,mbx|EHR,2026-09-15T12:20:33.254223,2026-09-15T00:00:00,Amazon,"Global Account Manager - Energy and Utilities EMEA, AWSI , AWSI IBU E&U",Software Development,False,in-house,"London, England, United Kingdom",72,Strong,None,Noise,True,"amazon|global account manager - energy and utilities emea, awsi , awsi ibu e&u",https://www.amazon.jobs/en/jobs/10541599
2364138493,ingested_in_role_intake,,mbx|EHR,2026-09-15T13:59:56.351481,2026-09-11T20:10:10,Medius,Account Director - UK based,Software Development,False,teamtailor,"London, England, United Kingdom; Manchester, England, United Kingdom",68,Partial,None,,True,medius|account director - uk based,https://career.medius.com/jobs/8368748-account-director-uk-based
2364178697,ingested_in_role_intake,,mbx|EHR,2026-09-15T14:21:17.507812,2026-09-15T00:00:00,WoodWing,Sr. Account Executive UK (2),Software Development,False,recruitee,"City of London, England, United Kingdom",58,Partial,None,Noise,True,woodwing|sr. account executive uk (2),https://woodwing.recruitee.com/o/sr-account-executive-uk-2
2364279297,ingested_in_role_intake,,mbx|EHR,2026-09-15T15:31:45.922827,2026-09-15T00:00:00,Intapp,Enterprise Account Executive - Legal,Software Development,False,workday,"London, England, United Kingdom",66,Partial,None,,True,intapp|enterprise account executive - legal,https://intapp.wd1.myworkdayjobs.com/Intapp/job/London-UK/Enterprise-Account-Executive---Legal_R2025352-1
2364305323,ingested_in_role_intake,,mbx|EHR,2026-09-15T15:56:24.058931,2026-09-15T00:00:00,Case IQ,Enterprise Account Executive,Software Development,False,bamboohr,United Kingdom,67,Partial,None,,True,case iq|enterprise account executive,https://caseiq.bamboohr.com/careers/338
2364343515,ingested_in_role_intake,,mbx|EHR,2026-09-15T16:13:03.882989,2026-09-15T16:04:31,Diligent Corporation,Account Director - Highly Regulated Industries,Software Development,False,greenhouse,"London, England, United Kingdom",72,Strong,None,,True,diligent|account director - highly regulated industries,https://job-boards.greenhouse.io/diligentcorporation/jobs/6186249004
2364661380,ingested_in_role_intake,,mbx|EHR,2026-09-15T19:24:01.418558,2026-09-15T00:00:00,Tandem Health,Senior Account Executive - UK,Hospitals and Health Care,False,ashby,"London, England, United Kingdom",59,Partial,None,Noise,True,tandem health|senior account executive - uk,https://jobs.ashbyhq.com/tandem-health/e1ea7f4b-09fa-4a7b-afc2-a8ba9fb3f3c0
2364664874,ingested_in_role_intake,,mbx|EHR,2026-09-15T19:28:32.459878,2026-09-15T00:00:00,F5,Senior Account Executive,IT Services and IT Consulting,False,workday,"Babergh, England, United Kingdom",87,Strong,None,Noise,True,f5|senior account executive,https://ffive.wd5.myworkdayjobs.com/f5jobs/job/UK-Homebase/Senior-Account-Executive_RP1038718
2364802973,ingested_in_role_intake,,mbx|EHR,2026-09-15T20:50:32.700936,2026-09-15T00:00:00,Thomson Reuters,Senior Strategic Account Manager - Reuters,Software Development,False,workday,"London, England, United Kingdom",0,Noise,Ad sales,Noise,True,thomson reuters|senior strategic account manager - reuters,https://thomsonreuters.wd5.myworkdayjobs.com/External_Career_Site/job/United-Kingdom-London/Senior-Strategic-Account-Manager---Reuters_JREQ203686
2364803589,ingested_in_role_intake,,mbx|EHR,2026-09-15T20:50:55.045795,2026-09-15T00:00:00,Trellix,Strategic Named-Account Manager - UK & Ireland,Computer and Network Security,False,workday,Ireland; United Kingdom,74,Strong,None,Noise,True,trellix|strategic named-account manager - uk & ireland,https://trellix.wd1.myworkdayjobs.com/EnterpriseCareers/job/Remote-United-Kingdom/Enterprise-Account-Manager--UK_JR0037317-1
2365421536,ingested_in_role_intake,,mbx|EHR,2026-09-16T02:46:09.983003,2026-09-15T00:00:00,Salesforce,Named Account Executive - Building Societies,Software Development,False,workday,"London, England, United Kingdom",74,Strong,None,Noise,True,salesforce|named account executive - building societies,https://salesforce.wd12.myworkdayjobs.com/External_Career_Site/job/United-Kingdom---London/Named-Account-Executive---Building-Societies_JR354200
2365840744,ingested_in_role_intake,,mbx|EHR,2026-09-16T08:35:43.351148,2026-09-11T15:24:18,Okta,Large Enterprise Account Executive Okta,Computer and Network Security,False,greenhouse,"London, England, United Kingdom",81,Strong,None,Noise,True,okta|large enterprise account executive okta,https://www.okta.com/company/careers/opportunity/7941715?gh_jid=7941715
2365840950,ingested_in_role_intake,,mbx|EHR,2026-09-16T08:35:48.577102,2026-09-16T07:56:51.501,Ripjar,Enterprise Account Executive,Software Development,False,workable,"London, England, United Kingdom",74,Strong,None,,True,ripjar|enterprise account executive,https://jobs.workable.com/view/3RuordGvxuqd787QaM7a1Z/hybrid-enterprise-account-executive-in-london-at-ripjar
2365976901,ingested_in_role_intake,,mbx|EHR,2026-09-16T10:19:01.831127,2026-09-16T09:49:25,Stripe,"Account Executive, UK Velocity Hunter","Technology, Information and Internet",False,greenhouse,"Dublin, Leinster, Ireland; London, England, United Kingdom",66,Partial,None,,True,"stripe|account executive, uk velocity hunter",https://stripe.com/jobs/search?gh_jid=8130729
2366006243,ingested_in_role_intake,,mbx|EHR,2026-09-16T10:56:08.410139,2026-09-16T00:00:00,Jobgether,Senior Account Executive,Internet Marketplace Platforms,False,lever.co,United Kingdom,0,Noise,Staffing poster,Noise,True,jobgether|senior account executive,https://jobs.lever.co/jobgether/f9db32c0-9a0c-48dd-b2ad-8d5a6a9527fb
2366041299,ingested_in_role_intake,,mbx|EHR,2026-09-16T11:28:16.114118,2026-09-16T11:28:12.864,Publicis Groupe Holdings B.V,OOH Account Director,Information Services,False,icims,"Greater London, England, United Kingdom",0,Noise,Agency/PR,Noise,True,publicis groupe holdings b v|ooh account director,https://employees-publicisgroupe.icims.com/jobs/173274/ooh-account-director/job
2366079959,ingested_in_role_intake,,mbx|EHR,2026-09-16T11:53:13.550109,2026-09-16T00:00:00,Cyara,Sr. Account Executive,Software Development,False,lever.co,United Kingdom,76,Strong,None,Noise,True,cyara|sr. account executive,https://jobs.lever.co/cyara/ba79a22c-d11a-497e-912f-d7a0eefff4a7
2366138508,ingested_in_role_intake,,mbx|EHR,2026-09-16T12:33:17.575441,2026-09-16T12:33:14.1,Publicis Groupe Holdings B.V,Paid Search Account Director,Information Services,False,icims,"Greater London, England, United Kingdom",0,Noise,Agency/PR,Noise,True,publicis groupe holdings b v|paid search account director,https://employees-publicisgroupe.icims.com/jobs/171003/paid-search-account-director/job
2366185301,ingested_in_role_intake,,mbx|EHR,2026-09-16T13:05:49.221584,2026-09-16T13:03:07.184,Check Point Software Technologies,"Major Account Manager, Public Sector",Computer and Network Security,False,smartrecruiters,"Manchester, England, United Kingdom",55,Partial,None,Noise,True,"check point software technologies|major account manager, public sector",https://jobs.smartrecruiters.com/CheckPointSoftwareTechnologies2/744000149862379-major-account-manager-public-sector
2366203559,ingested_in_role_intake,,mbx|EHR,2026-09-16T13:22:02.306073,2026-09-16T00:00:00,NetBox Labs,"Account Executive, DACH",Computer Networking Products,False,ashby,"London, England, United Kingdom",58,Partial,None,Noise,True,"netbox labs|account executive, dach",https://jobs.ashbyhq.com/netboxlabs/d5fb8ed9-cd3b-415e-a0ab-c0cc7d13f00e
2366380778,ingested_in_role_intake,,mbx|EHR,2026-09-16T15:26:06.685641,2026-09-16T00:00:00,Atlassian,"Account Executive, DX Enterprise Benelux (Dutch speaker)",Software Development,False,icims,"London, England, United Kingdom",67,Partial,None,Noise,True,"atlassian|account executive, dx enterprise benelux (dutch speaker)",https://globalcareers-atlassian.icims.com/jobs/25731/account-executive%2c-dx-enterprise-benelux-%28dutch-speaker%29/job
2366560585,ingested_in_role_intake,,mbx|EHR,2026-09-16T17:15:35.453259,2026-09-16T16:23:47,Typeform,Senior Account Executive ,Software Development,False,greenhouse,United Kingdom,56,Partial,None,Noise,True,typeform|senior account executive,https://job-boards.greenhouse.io/typeform/jobs/8208256
2366702951,ingested_in_role_intake,,mbx|EHR,2026-09-16T18:51:11.562453,2026-09-16T18:30:31,Indicium AI,Account Director ,Information Technology & Services,False,greenhouse,"London, England, United Kingdom",65,Partial,None,,True,indicium ai|account director,https://job-boards.eu.greenhouse.io/indiciumai/jobs/4978959101
2366927616,ingested_in_role_intake,,mbx|EHR,2026-09-16T21:04:12.467706,2026-09-16T20:34:05,WTW,Account Executive,Financial Services,False,oraclecloud,"City of London, England, United Kingdom",0,Noise,Insurance broker,Noise,True,wtw|account executive,https://eedu.fa.em3.oraclecloud.com/hcmUI/CandidateExperience/en/sites/CX/job/202604489
2366964555,ingested_in_role_intake,,mbx|EHR,2026-09-16T21:23:09.766925,2026-09-16T00:00:00,Legora,GTM Manager - Strategic Accounts,Software Development,False,ashby,"London, England, United Kingdom",49,Noise,None,Partial,True,legora|gtm manager - strategic accounts,https://jobs.ashbyhq.com/legora/54ffa82a-f093-4a62-a092-9752f5031524
2367455956,ingested_in_role_intake,,mbx|EHR,2026-09-17T01:54:47.300142,2026-09-16T13:09:00,Microsoft,"Senior Account Executive, Performance Solutions, Retail - Microsoft Advertising",Software Development,False,eightfold,"London, England, United Kingdom",64,Partial,None,Noise,True,"microsoft|senior account executive, performance solutions, retail - microsoft advertising",https://apply.careers.microsoft.com/careers/job/1970393556998569-senior-account-executive-performance-solutions-retail-microsoft-advertising-united-kingdom-london-london
2367828270,ingested_in_role_intake,,mbx|EHR,2026-09-17T06:30:32.447848,2026-09-17T06:24:42.528537,Rosterfy,UK Enterprise Account Executive,Software Development,False,hibob,"London, England, United Kingdom",0,Noise,FTC/contract,Noise,True,rosterfy|uk enterprise account executive,https://rosterfy.careers.hibob.com/jobs/12d4a510-918c-4622-b976-afff4cf2b353
2367972435,ingested_in_role_intake,,EHR,2026-09-17T08:25:08.459482,2026-09-11T15:24:18,Okta,Strategic Account Executive UK/I,Computer and Network Security,False,greenhouse,"London, England, United Kingdom",81,Strong,None,Noise,True,okta|strategic account executive uk/i,https://www.okta.com/company/careers/opportunity/7988286?gh_jid=7988286
2367989511,ingested_in_role_intake,,EHR,2026-09-17T08:38:45.781517,2026-08-29T07:00:00,Penguin Solutions,"Senior Enterprise Account Executive, HPC & AI - UK & Nordics",IT Services and IT Consulting,False,successfactors,"Borough of Spelthorne, England, United Kingdom",62,Partial,None,,True,"penguin solutions|senior enterprise account executive, hpc & ai - uk & nordics",https://careers.penguinsolutions.com/job/Staines-Senior-Enterprise-Account-Executive%2C-HPC-&-AI-UK-&-Nordics-TW18-3BA/1396406000/
2368010078,ingested_in_role_intake,,EHR,2026-09-17T08:57:25.758001,2026-09-17T08:56:48.625,MicroStrategy,Account Executive - Nordics,"Technology, Information and Internet",False,smartrecruiters,"London, England, United Kingdom",75,Strong,None,Noise,True,microstrategy|account executive - nordics,https://jobs.smartrecruiters.com/MicroStrategy1/744000150048480-account-executive-nordics-
2368037081,ingested_in_role_intake,,EHR,2026-09-17T09:09:33.530654,2026-09-17T08:30:25,Cloudflare,"Senior Named Account Executive, Israel",Computer and Network Security,False,greenhouse,"London, England, United Kingdom",73,Strong,None,Noise,True,"cloudflare|senior named account executive, israel",https://boards.greenhouse.io/cloudflare/jobs/7462504?gh_jid=7462504
2368078504,ingested_in_role_intake,,EHR,2026-09-17T09:31:58.951934,2026-09-17T09:09:41,Stripe,"Account Executive, Retail (Grower)","Technology, Information and Internet",False,greenhouse,"London, England, United Kingdom",69,Partial,None,,True,"stripe|account executive, retail (grower)",https://stripe.com/jobs/search?gh_jid=8207708
2368096039,ingested_in_role_intake,,EHR,2026-09-17T09:41:34.771843,2026-09-17T00:00:00,Salesforce,Enterprise Account Executive – Data & Integration (MuleSoft & Informatica),Software Development,False,workday,"London, England, United Kingdom",83,Strong,None,Noise,True,salesforce|enterprise account executive – data & integration (mulesoft & informatica),https://salesforce.wd12.myworkdayjobs.com/External_Career_Site/job/United-Kingdom---London/Enterprise-Account-Executive---Data---Integration--MuleSoft---Informatica-_JR360367
2368203890,ingested_in_role_intake,,EHR,2026-09-17T11:25:48.145997,2026-09-16T18:10:39,Samsara,Account Executive - EMEA Specialist ,Software Development,False,greenhouse,United Kingdom,57,Partial,None,Noise,True,samsara|account executive - emea specialist,https://www.samsara.com/company/careers/roles/8103806?gh_jid=8103806
2368228120,ingested_in_role_intake,,EHR,2026-09-17T11:35:25.826728,2026-09-17T11:23:26.149,Gatekeeper,Account Director for SaaS Solution | REMOTE (UK),Software Development,False,workable,United Kingdom,49,Noise,None,,True,gatekeeper|account director for saas solution | remote (uk),https://jobs.workable.com/view/j9EJX1qtJZGBfTf5iJRwCe/account-director-for-saas-solution-%7C-remote-(uk)-in-united-kingdom-at-gatekeeper
2368311923,ingested_in_role_intake,,EHR,2026-09-17T12:36:08.083857,2026-09-17T11:44:09.548,Powtoon,Enterprise Account Executive,"Technology, Information and Internet",False,workable,"London, England, United Kingdom",64,Partial,None,Noise,True,powtoon|enterprise account executive,https://jobs.workable.com/view/pcxTWDApiHLVMntFzkBVvs/hybrid-enterprise-account-executive-in-london-at-powtoon
2368468037,ingested_in_role_intake,,OQq,2026-09-17T14:20:04.817069,2026-09-17T00:00:00,Amazon,"Sr. Strategic Account Manager, EU Fashion",Software Development,False,in-house,"London, England, United Kingdom",59,Partial,None,,True,"amazon|sr. strategic account manager, eu fashion",https://www.amazon.jobs/en/jobs/10551953
2368488914,ingested_in_role_intake,,OQq,2026-09-17T14:36:51.32325,2026-09-17T14:21:11,CDS Global,"Account Director, Technology & Automotive",Business Consulting and Services,False,oraclecloud,"London, England, United Kingdom",0,Noise,Management track,,True,"cds global|account director, technology & automotive",https://eevd.fa.us6.oraclecloud.com/hcmUI/CandidateExperience/en/sites/CDS-Global/job/2027506
2368490784,ingested_in_role_intake,,OQq,2026-09-17T14:37:23.318971,2026-09-17T14:34:15.146,Freshworks,Strategic Account Manager,Software Development,False,smartrecruiters,"London, England, United Kingdom",73,Strong,None,Partial,True,freshworks|strategic account manager,https://jobs.smartrecruiters.com/Freshworks/744000150132609-strategic-account-manager
2368664691,ingested_in_role_intake,,OQq,2026-09-17T16:26:26.968652,2026-09-17T15:33:20,AlphaSense,"Enterprise Account Executive, TMT",Software Development,False,greenhouse,"London, England, United Kingdom",72,Strong,None,,True,"alphasense|enterprise account executive, tmt",https://job-boards.greenhouse.io/alphasense/jobs/8816458002
2368740307,ingested_in_role_intake,,OQq,2026-09-17T17:11:15.340647,2026-09-17T16:52:00,Ping Identity,Strategic Account Executive (Eastern/Central Europe),Software Development,False,greenhouse,United Kingdom,0,Noise,Wrong location/US leak,,True,ping identity|strategic account executive (eastern/central europe),https://job-boards.greenhouse.io/pingidentity/jobs/8802903002
2368740441,ingested_in_role_intake,,OQq,2026-09-17T17:11:19.951789,2026-09-17T16:58:08,Ping Identity,Strategic Account Executive (Middle East)  ,Software Development,False,greenhouse,"Bristol, England, United Kingdom",72,Strong,None,,True,ping identity|strategic account executive (middle east),https://job-boards.greenhouse.io/pingidentity/jobs/8802878002
2368752249,ingested_in_role_intake,,OQq,2026-09-17T17:23:18.828666,2026-09-17T00:00:00,Morning Consult,"Account Executive, EMEA Market Development (Founding Hire)",Data Infrastructure and Analytics,False,ashby,"London, England, United Kingdom",72,Strong,None,Strong,True,"morning consult|account executive, emea market development (founding hire)",https://jobs.ashbyhq.com/morningconsult/0f76ee51-a915-41c2-8c6f-1095b8919227
2368753646,ingested_in_role_intake,,OQq,2026-09-17T17:24:28.790634,2026-09-17T17:13:56,Grafana Labs,"Enterprise Account Executive, Growth | Remote | UK",Software Development,False,greenhouse,United Kingdom,57,Partial,None,,True,"grafana labs|enterprise account executive, growth | remote | uk",https://job-boards.greenhouse.io/grafanalabs/jobs/6163373004
2368769754,ingested_in_role_intake,,OQq,2026-09-17T17:37:42.884298,2026-09-17T16:33:44,Similarweb,"Senior Account Executive, Enterprise",Software Development,False,greenhouse,"London, England, United Kingdom",68,Partial,None,,True,"similarweb|senior account executive, enterprise",https://job-boards.greenhouse.io/similarweb/jobs/8211293
2368769897,ingested_in_role_intake,,OQq,2026-09-17T17:37:45.492896,2026-09-17T16:32:38,Similarweb,"Senior Account Executive, Enterprise (EMEA - European Languages Required)",Software Development,False,greenhouse,"London, England, United Kingdom",68,Partial,None,,True,"similarweb|senior account executive, enterprise (emea - european languages required)",https://job-boards.greenhouse.io/similarweb/jobs/8211302
2369061034,ingested_in_role_intake,,OQq,2026-09-17T20:22:02.064087,2026-09-17T00:00:00,Docker,"Staff Sales Engineer, Strategic Accounts (EMEA)",Software Development,False,ashby,United Kingdom,54,Noise,None,Noise,True,"docker|staff sales engineer, strategic accounts (emea)",https://jobs.ashbyhq.com/docker/bc36f696-8ba4-46aa-866c-196b85da4e7e
2369527147,ingested_in_role_intake,,OQq,2026-09-18T00:56:59.562911,2026-09-18T00:00:00,Jobgether,AI Analytics Account Executive,Internet Marketplace Platforms,False,lever.co,United Kingdom,0,Noise,Staffing poster,,True,jobgether|ai analytics account executive,https://jobs.lever.co/jobgether/1cf65bc8-fd16-4e26-9d87-26d389c87410
2370063810,ingested_in_role_intake,,OQq,2026-09-18T07:40:37.440698,2026-09-18T00:00:00,Brown & Brown Insurance,Senior Account Executive,Insurance Agencies and Brokerages,False,workday,"Leicester, England, United Kingdom",0,Noise,Insurance broker,,True,brown and brown insurance|senior account executive,https://bbinsurance.wd1.myworkdayjobs.com/Careers/job/Leicester-England-United-Kingdom/Senior-Account-Executive_R26_0000003039
2370097407,ingested_in_role_intake,,OQq,2026-09-18T08:21:10.479562,2026-09-18T00:00:00,Dandy,Inside Enterprise Account Executive UK,Medical and Diagnostic Laboratories,False,ashby,"London, England, United Kingdom",44,Noise,None,,True,dandy|inside enterprise account executive uk,https://jobs.ashbyhq.com/dandy/97e7836f-d005-468e-bc2e-358128cbdc75
2370355110,ingested_in_role_intake,,OQq,2026-09-18T11:54:54.366769,2026-09-18T00:00:00,Kpler,Senior Account Executive - Tech/Consulting - Europe,"Technology, Information and Media",False,lever.co,"London, England, United Kingdom",58,Partial,None,,True,kpler|senior account executive - tech/consulting - europe,https://jobs.lever.co/kpler/7d2b0b9f-9dae-4eee-aff8-f7493fee8e26
2370376200,ingested_in_role_intake,,OQq,2026-09-18T12:09:21.22331,2026-09-18T11:42:00,NAVEX,Senior Account Executive - Mid Market,Software Development,False,dayforce,"London, England, United Kingdom",61,Partial,None,,True,navex|senior account executive - mid market,https://jobs.dayforcehcm.com/en-US/navex/121384/jobs/6542
2370376214,ingested_in_role_intake,,OQq,2026-09-18T12:09:21.581329,2026-09-18T11:45:00,NAVEX,Account Director - Enterprise,Software Development,False,dayforce,"London, England, United Kingdom",75,Strong,None,Partial,True,navex|account director - enterprise,https://jobs.dayforcehcm.com/en-US/navex/121384/jobs/6549
2371345520,ingested_in_role_intake,,uOi,2026-09-18T22:15:28.777216,2026-09-18T21:07:00,Planview Incorporated,Enterprise Account Executive,Software Development,False,icims,United Kingdom,73,Strong,None,Partial,True,planview incorporated|enterprise account executive,https://careers.planview.com/careers-home/jobs/5048
2371358876,ingested_in_role_intake,,uOi,2026-09-18T22:29:17.402251,2026-09-18T00:00:00,Intapp,Enterprise Account Executive,Software Development,False,workday,"London, England, United Kingdom",66,Partial,None,Noise,True,intapp|enterprise account executive,https://intapp.wd1.myworkdayjobs.com/Intapp/job/London-UK/Enterprise-Account-Executive_R2025345-1
2371358879,ingested_in_role_intake,,uOi,2026-09-18T22:29:17.658236,2026-09-18T00:00:00,Intapp,Enterprise Account Executive - Legal,Software Development,False,workday,"London, England, United Kingdom",66,Partial,None,,True,intapp|enterprise account executive - legal,https://intapp.wd1.myworkdayjobs.com/Intapp/job/London-UK/Enterprise-Account-Executive---Legal_R2025353-1
2371905814,ingested_in_role_intake,,uOi,2026-09-19T03:51:33.951263,2026-09-17T19:07:51,CoreWeave Europe,Account Executive - Greenfield - London UK,"Technology, Information and Internet",False,greenhouse,"London, England, United Kingdom",74,Strong,None,Partial,True,coreweave europe|account executive - greenfield - london uk,https://coreweave.com/careers/job?4712550006&board=coreweaveu&gh_jid=4712550006
2372073761,ingested_in_role_intake,,uOi,2026-09-19T06:21:42.932507,2026-09-10T00:00:00,Carwow,Partnership Account Director ,"Technology, Information and Internet",False,ashby,United Kingdom,51,Noise,None,Noise,True,carwow|partnership account director,https://jobs.ashbyhq.com/Carwow/5629d3a2-858b-4ca8-ab32-3ffb63cf6248
2372132255,ingested_in_role_intake,,uOi,2026-09-19T06:38:50.170711,2026-09-18T00:00:00,Workiva Inc.,Senior Account Executive,Software Development,False,workday,"London, England, United Kingdom",66,Partial,None,Partial,True,workiva|senior account executive,https://workiva.wd503.myworkdayjobs.com/careers/job/London/Senior-Account-Executive_R12508
2372217616,ingested_in_role_intake,,uOi,2026-09-19T08:09:48.12953,2026-09-18T16:04:00,NAVEX,Enterprise Account Director,Software Development,False,dayforce,"London, England, United Kingdom",75,Strong,None,Partial,True,navex|enterprise account director,https://jobs.dayforcehcm.com/en-US/navex/121384/jobs/6553
2372709548,ingested_in_role_intake,,uOi,2026-09-19T15:24:06.75424,2026-09-16T00:00:00,SAS,Senior Account Executive - Commercial - DACH,Software Development,False,icims,"London, England, United Kingdom; Marlow, England, United Kingdom",71,Strong,None,Noise,True,sas|senior account executive - commercial - dach,https://global-sas.icims.com/jobs/42912/senior-account-executive---commercial---dach/job
2372727524,ingested_in_role_intake,,uOi,2026-09-19T15:41:24.656252,2026-09-15T00:00:00,Salesforce,Named Account Executive - Media AE 2,Software Development,False,workday,"London, England, United Kingdom",64,Partial,None,Noise,True,salesforce|named account executive - media ae 2,https://salesforce.wd12.myworkdayjobs.com/External_Career_Site/job/United-Kingdom---London/Named-Account-Executive---Media-AE-2_JR354208
2356347251,returned_not_ingested,fell_outside_EHR_sliding_7d_window,mbx,2026-09-10T08:17:24.519443,2026-09-10T08:14:30.925,IFS,Enterprise Sales Account Executive - Net New - (EUR),Software Development,False,smartrecruiters,"Staines-upon-Thames, England, United Kingdom",77,Strong,None,,False,,https://jobs.smartrecruiters.com/IFS1/744000148699127-enterprise-sales-account-executive-net-new-eur-
2356352180,returned_not_ingested,fell_outside_EHR_sliding_7d_window,mbx,2026-09-10T08:24:47.327307,2026-09-10T08:03:29,Stripe,"Account Executive, Enterprise (Hunter) ","Technology, Information and Internet",False,greenhouse,"London, England, United Kingdom",75,Strong,None,,False,,https://stripe.com/jobs/search?gh_jid=8165275
2356418552,returned_not_ingested,fell_outside_EHR_sliding_7d_window,mbx,2026-09-10T09:13:25.129252,2026-09-10T09:10:36.867,IFS,Enterprise Sales Account Executive - Net New,Software Development,False,smartrecruiters,"Staines-upon-Thames, England, United Kingdom",73,Strong,None,,False,,https://jobs.smartrecruiters.com/IFS1/744000148714743-enterprise-sales-account-executive-net-new
2356502517,returned_not_ingested,fell_outside_EHR_sliding_7d_window,mbx,2026-09-10T10:24:03.089936,2026-09-10T10:00:20,Bitwarden,Enterprise Account Executive Germany/EMEA,Software Development,False,greenhouse,United Kingdom,0,Noise,Wrong location/US leak,,False,,https://bitwarden.com/careers/7989362003/?gh_jid=7989362003
2356549854,returned_not_ingested,fell_outside_EHR_sliding_7d_window,mbx,2026-09-10T11:13:21.706204,2026-09-10T11:11:11.533,Experian,Enterprise Account Executive UK&I - Data Quality,Information Services,False,smartrecruiters,"London, England, United Kingdom",73,Strong,None,,False,,https://jobs.smartrecruiters.com/Experian/744000148744699-enterprise-account-executive-uk-i-data-quality
2356560541,returned_not_ingested,fell_outside_EHR_sliding_7d_window,mbx,2026-09-10T11:26:09.676192,2026-09-10T11:09:36.743,Google,"Key Account Executive, Google Cloud, Telco",Software Development,False,in-house,"London, England, United Kingdom",59,Partial,None,,False,,https://www.google.com/about/careers/applications/jobs/results/120073832202412742
2358616289,returned_not_ingested,industry_exclusion_absent_on_mbx,mbx,2026-09-11T10:39:06.773733,2026-09-11T09:52:10,WPP Media,Paid Search Account Director,Advertising Services,True,greenhouse,"London, England, United Kingdom",0,Noise,Agency/PR,,False,,https://job-boards.greenhouse.io/wppmedia/jobs/5282056008
2363703848,returned_not_ingested,industry_exclusion_absent_on_mbx,mbx,2026-09-15T08:20:11.634873,2026-09-15T00:00:00,Ecolab,Global Account Manager - Institutional Division (Remote),Chemical Manufacturing,True,workday,"Paris, Ile-de-France, France; Bordeaux, Nouvelle-Aquitaine, France; Munich, Bavaria, Germany; Berlin, Germany; Leiden, South Holland, Netherlands; Manchester, England, United Kingdom",57,Partial,None,,False,,https://ecolab.wd1.myworkdayjobs.com/Ecolab_External/job/FRA---le-de-France---Paris/Global-Account-Manager---Institutional-Division--Remote-_R00303410-1
2363787917,returned_not_ingested,industry_exclusion_absent_on_mbx,mbx,2026-09-15T09:28:06.618765,2026-09-15T08:27:14,WPP Media,"Account Director, Social",Advertising Services,True,greenhouse,"Manchester, England, United Kingdom",0,Noise,Agency/PR,,False,,https://job-boards.greenhouse.io/wppmedia/jobs/5159010008
2363924576,returned_not_ingested,industry_exclusion_absent_on_mbx,mbx,2026-09-15T11:22:08.179595,2026-09-15T00:00:00,Ecolab Inc.,Global Account Manager - Institutional Division (Remote),Chemical Manufacturing,True,phenompeople,"Järvenpää, Uusimaa, Finland; Bordeaux, Nouvelle-Aquitaine, France; Munich, Bavaria, Germany; Berlin, Berlin, Germany; Someren, North Brabant, Netherlands; Manchester, England, United Kingdom",57,Partial,None,,False,,https://jobs.ecolab.com/global/en/job/R00303410/Global-Account-Manager-Institutional-Division-Remote
2364081886,returned_not_ingested,industry_exclusion_absent_on_mbx,mbx,2026-09-15T13:18:51.329855,2026-09-14T10:39:00,Gallagher,Senior Account Executive,Insurance,True,icims,"Chichester, England, United Kingdom",0,Noise,Insurance broker,,False,,https://jobs.ajg.com/ajg-home/jobs/59438
2364121488,returned_not_ingested,industry_exclusion_absent_on_mbx,mbx,2026-09-15T13:50:39.641144,2026-09-15T13:16:00,Cummins,Customer Account Executive,Motor Vehicle Manufacturing,True,oraclecloud,"Redditch, England, United Kingdom",40,Noise,None,,False,,https://fa-espx-saasfaprod1.fa.ocs.oraclecloud.com/hcmUI/CandidateExperience/en/sites/CX_1/job/2438204
2364593342,returned_not_ingested,industry_exclusion_absent_on_mbx,mbx,2026-09-15T18:49:13.735089,2026-09-15T00:00:00,BD,"Strategic Account Manager, NHS & Integrated Care Systems",Medical Equipment Manufacturing,True,workday,"London, England, United Kingdom; Southampton, England, United Kingdom; Winnersh, England, United Kingdom",44,Noise,None,,False,,https://bdx.wd1.myworkdayjobs.com/EXTERNAL_CAREER_SITE_UK/job/GBR-Winnersh---Eskdale-Road/Strategic-Account-Manager_R-555080
2365628414,returned_not_ingested,industry_exclusion_absent_on_mbx,mbx,2026-09-16T05:37:46.711649,2026-09-15T15:32:00,Gallagher,Strategic Account Manager - Specialty Lines,Insurance,True,icims,"City of London, England, United Kingdom",0,Noise,Insurance broker,,False,,https://jobs.ajg.com/ajg-home/jobs/50771
2365628446,returned_not_ingested,industry_exclusion_absent_on_mbx,mbx,2026-09-16T05:37:47.208942,2026-09-15T16:31:00,Gallagher,New Business Account Executive,Insurance,True,icims,"Llantrisant, Wales, United Kingdom",0,Noise,Insurance broker,,False,,https://jobs.ajg.com/ajg-home/jobs/59526
2365880212,returned_not_ingested,industry_exclusion_absent_on_mbx,mbx,2026-09-16T09:03:26.696404,2026-09-16T08:03:42,Reynolds Food Group,National Account Director,Food & Beverages,True,teamtailor,"Broxbourne, England, United Kingdom",37,Noise,None,,False,,https://careers.reynoldsfood.co.uk/jobs/8386617-national-account-director
2366248908,returned_not_ingested,industry_exclusion_absent_on_mbx,mbx,2026-09-16T13:56:46.645808,2026-09-16T12:44:04,T&P,Account Director (3 month FTC),Advertising Services,True,teamtailor,"London, England, United Kingdom",0,Noise,Agency/PR,,False,,https://careers.tandpgroup.com/jobs/8389205-account-director-3-month-ftc
2366268005,returned_not_ingested,industry_exclusion_absent_on_mbx,mbx,2026-09-16T14:04:42.41419,2026-09-16T14:04:42.174,ADP,Channel Sales Account Executive - Payment Solutions,Human Resources Services,True,adp,"London, England, United Kingdom; Sheffield, England, United Kingdom; Innerleithen, Scotland, United Kingdom; Salisbury, Maryland, United States; New York, New York, United States; Maine, United States; Maryland, United States; Massachusetts, United States; New Jersey, United States; Pennsylvania, United States",46,Noise,None,,False,,https://myjobs.adp.com/apply/cx/job-details?reqId=5001224969400
2366400425,returned_not_ingested,industry_exclusion_absent_on_mbx,mbx,2026-09-16T15:36:53.145218,2026-09-16T15:27:35,NextRoll Inc.,Principal Strategic Account Executive,Marketing Services,True,greenhouse,"London, England, United Kingdom",0,Noise,Agency/PR,,False,,https://job-boards.greenhouse.io/nextrollinc/jobs/8813558002
2366537832,returned_not_ingested,industry_exclusion_absent_on_mbx,mbx,2026-09-16T17:02:46.703462,2026-09-16T15:57:17,The MISSION Group,FTC Account Director – Experiences,Advertising Services,True,teamtailor,"Greater London, England, United Kingdom",0,Noise,Agency/PR,,False,,https://themissiongroup.teamtailor.com/jobs/8390891-ftc-account-director-experiences
2357040259,scored_but_missing_from_role_intake,dedup_key_collision_kept=2357040244,mbx|EHR,2026-09-10T16:37:15.6641,2026-09-10T15:56:14.514,Visualsoft,Social Media Account Director,Software Development,False,workable,"Newcastle upon Tyne, England, United Kingdom",0,Noise,Management track,,False,visualsoft|social media account director,https://jobs.workable.com/view/38VjKobV7EDQL3A7wbQuhh/hybrid-social-media-account-director-in-newcastle-upon-tyne-at-visualsoft
2357040273,scored_but_missing_from_role_intake,dedup_key_collision_kept=2357040244,mbx|EHR,2026-09-10T16:37:16.145128,2026-09-10T15:56:13.806,Visualsoft,Social Media Account Director,Software Development,False,workable,"Stockton-on-Tees, England, United Kingdom",0,Noise,Management track,,False,visualsoft|social media account director,https://jobs.workable.com/view/rodisHeLwvxeFD8d7TLobT/hybrid-social-media-account-director-in-stockton-on-tees-at-visualsoft
2362176766,scored_but_missing_from_role_intake,UNEXPLAINED,mbx|EHR,2026-09-14T09:58:04.836853,2026-09-14T00:00:00,Siteimprove,Account Executive,Software Development,False,lever.co,"London, England, United Kingdom",79,Strong,None,,False,siteimprove|account executive,https://jobs.eu.lever.co/siteimprove/a38e091c-7704-468a-be5a-d4065450079f
2362206687,scored_but_missing_from_role_intake,dedup_key_collision_kept=2366927616,mbx|EHR,2026-09-14T10:36:13.659968,2026-09-14T09:38:16,WTW,Account Executive,Financial Services,False,oraclecloud,"Ipswich, England, United Kingdom",0,Noise,Insurance broker,,False,wtw|account executive,https://eedu.fa.em3.oraclecloud.com/hcmUI/CandidateExperience/en/sites/CX_1003/job/202605780
2362306759,scored_but_missing_from_role_intake,dedup_key_collision_kept=2366185301,mbx|EHR,2026-09-14T12:37:22.939559,2026-09-14T12:33:44.705,Check Point Software Technologies,"Major Account Manager, Public Sector",Computer and Network Security,False,smartrecruiters,"London, England, United Kingdom",59,Partial,None,,False,"check point software technologies|major account manager, public sector",https://jobs.smartrecruiters.com/CheckPointSoftwareTechnologies2/744000149320194-major-account-manager-public-sector
2366165407,scored_but_missing_from_role_intake,dedup_key_collision_kept=2366185301,mbx|EHR,2026-09-16T12:49:36.307918,2026-09-16T12:46:40.424,Check Point Software Technologies,"Major Account Manager, Public Sector",Computer and Network Security,False,smartrecruiters,"London, England, United Kingdom",59,Partial,None,,False,"check point software technologies|major account manager, public sector",https://jobs.smartrecruiters.com/CheckPointSoftwareTechnologies2/744000149858499-major-account-manager-public-sector
2370061011,scored_but_missing_from_role_intake,dedup_key_collision_kept=2370063810,OQq,2026-09-18T07:38:47.916383,2026-09-18T00:00:00,Brown & Brown Insurance,Senior Account Executive,Insurance Agencies and Brokerages,False,workday,"Leicester, England, United Kingdom",0,Noise,Insurance broker,,False,brown and brown insurance|senior account executive,https://bbinsurance.wd1.myworkdayjobs.com/Careers_Europe/job/Leicester-England-United-Kingdom/Senior-Account-Executive_R26_0000003039-2
2370157481,scored_but_missing_from_role_intake,dedup_key_collision_kept=2370376214,OQq,2026-09-18T09:10:36.629006,2026-09-18T02:00:00,NAVEX,Account Director - Enterprise,Software Development,False,dayforce,"London, England, United Kingdom",75,Strong,None,,False,navex|account director - enterprise,https://jobs.dayforcehcm.com/en-US/navex/CANDIDATEPORTAL/jobs/6545
2370157485,scored_but_missing_from_role_intake,dedup_key_collision_kept=2370376200,OQq,2026-09-18T09:10:36.940798,2026-09-18T02:00:00,NAVEX,Senior Account Executive - Mid Market,Software Development,False,dayforce,"London, England, United Kingdom",61,Partial,None,,False,navex|senior account executive - mid market,https://jobs.dayforcehcm.com/en-US/navex/CANDIDATEPORTAL/jobs/6538
2372233676,scored_but_missing_from_role_intake,UNEXPLAINED,uOi,2026-09-19T08:33:42.713251,2026-09-14T17:16:04,Behavox,Strategic Account Manager 3,Software Development,False,greenhouse,"London, England, United Kingdom",71,Strong,None,,False,behavox|strategic account manager 3,https://job-boards.greenhouse.io/behavox/jobs/8201732
